order_id,customer_id,order_date,status,region_code,customer_id_missing
1,112,2024-03-26 17:29:58,CANCELLED,APAC-IN,False
2,154,2024-07-28 14:16:16,RETURNED,APAC-IN,False
3,,2026-06-04 13:08:40,SHIPPED,EU-EAST,True
4,2,2025-12-31 07:22:03,DELIVERED,NA-EAST,False
5,440,2025-02-20 11:52:03,DELIVERED,EU-EAST,False
6,101,2025-12-21 23:23:40,DELIVERED,NA-WEST,False
7,86,2025-05-15 00:56:48,DELIVERED,EU-WEST,False
8,8,2026-05-21 17:43:36,PLACED,APAC-SG,False
9,324,2025-11-26 02:50:57,SHIPPED,APAC-SG,False
10,268,2026-06-11 19:26:20,DELIVERED,EU-WEST,False
11,407,2025-01-11 10:15:00,DELIVERED,EU-EAST,False
12,496,2025-03-30 05:30:58,DELIVERED,APAC-SG,False
13,142,2024-09-01 23:50:20,DELIVERED,APAC-SG,False
14,103,2025-01-28 03:34:44,DELIVERED,APAC-IN,False
15,54,2024-11-05 16:44:50,DELIVERED,NA-EAST,False
16,483,2026-01-06 08:02:50,DELIVERED,EU-WEST,False
17,39,2025-10-19 00:42:43,DELIVERED,APAC-SG,False
18,59,2024-11-28 06:34:52,DELIVERED,NA-WEST,False
19,531,2025-05-19 07:05:44,DELIVERED,APAC-IN,False
20,238,2024-11-19 06:46:48,DELIVERED,APAC-SG,False
21,,2024-10-31 13:57:58,DELIVERED,EU-EAST,True
22,405,2025-11-20 20:18:27,DELIVERED,APAC-SG,False
23,93,2025-05-16 22:41:49,DELIVERED,APAC-IN,False
24,284,2025-02-15 12:54:29,SHIPPED,EU-EAST,False
25,268,2024-11-27 21:46:11,SHIPPED,NA-EAST,False
26,349,2024-08-29 18:24:41,RETURNED,APAC-IN,False
27,257,2026-01-17 19:36:40,DELIVERED,NA-WEST,False
28,470,2026-02-14 16:54:10,CANCELLED,EU-EAST,False
29,70,2025-10-16 11:05:33,RETURNED,APAC-SG,False
30,324,2025-12-01 16:21:16,DELIVERED,NA-EAST,False
31,270,2025-03-21 15:42:52,DELIVERED,APAC-SG,False
32,78,2024-12-03 06:25:51,DELIVERED,APAC-IN,False
33,195,2026-04-15 04:02:37,SHIPPED,NA-WEST,False
34,212,2025-02-20 01:28:34,SHIPPED,APAC-IN,False
35,110,2024-09-03 05:23:38,DELIVERED,APAC-SG,False
36,7,2026-06-20 03:36:43,CANCELLED,EU-WEST,False
37,505,2025-05-01 18:47:23,RETURNED,APAC-IN,False
38,228,2024-09-16 00:00:00,DELIVERED,EU-EAST,False
39,34,2026-04-20 13:38:01,CANCELLED,NA-WEST,False
40,124,2026-05-15 00:05:16,DELIVERED,NA-EAST,False
41,389,2024-08-04 12:09:04,DELIVERED,EU-WEST,False
42,270,2025-03-04 09:11:18,RETURNED,EU-WEST,False
43,511,2025-12-19 13:44:10,DELIVERED,EU-WEST,False
44,411,2025-05-09 09:20:40,DELIVERED,APAC-IN,False
45,103,2025-04-24 08:25:55,DELIVERED,EU-EAST,False
46,154,2026-03-05 18:14:03,SHIPPED,EU-EAST,False
47,530,2026-06-08 12:18:49,DELIVERED,EU-WEST,False
48,49,2025-11-09 21:29:58,SHIPPED,NA-WEST,False
49,488,2024-07-28 14:23:40,DELIVERED,EU-WEST,False
50,264,2025-08-17 00:00:00,SHIPPED,APAC-SG,False
51,204,2026-06-15 10:25:59,DELIVERED,EU-WEST,False
52,523,2026-03-28 07:05:02,DELIVERED,NA-EAST,False
53,294,2026-02-19 09:55:50,SHIPPED,NA-WEST,False
54,346,2025-12-16 06:27:30,DELIVERED,NA-EAST,False
55,352,2025-02-18 12:34:53,DELIVERED,APAC-SG,False
56,405,2025-04-26 08:51:43,DELIVERED,EU-WEST,False
57,534,2026-01-29 11:58:40,SHIPPED,NA-EAST,False
58,241,2025-03-26 22:04:49,DELIVERED,NA-EAST,False
59,407,2024-08-08 00:27:56,RETURNED,EU-EAST,False
60,27,2025-11-07 17:41:58,RETURNED,NA-EAST,False
61,160,2024-07-09 23:21:06,CANCELLED,EU-WEST,False
62,291,2026-01-18 10:13:05,SHIPPED,NA-WEST,False
63,,2025-09-06 08:00:20,DELIVERED,EU-EAST,True
64,279,2026-01-21 01:01:16,RETURNED,APAC-IN,False
65,468,2026-01-05 17:07:54,DELIVERED,EU-WEST,False
66,494,2026-06-17 08:17:09,PLACED,EU-WEST,False
67,267,2024-10-28 21:34:14,PLACED,NA-WEST,False
68,481,2026-06-10 00:00:00,RETURNED,EU-EAST,False
69,441,2025-05-30 00:56:47,DELIVERED,APAC-IN,False
70,422,2026-01-09 00:30:23,SHIPPED,APAC-SG,False
71,388,2025-02-06 16:16:54,DELIVERED,NA-WEST,False
72,279,2025-05-17 05:31:20,DELIVERED,EU-WEST,False
73,71,2024-12-09 08:37:57,SHIPPED,EU-EAST,False
74,279,2026-04-04 06:56:27,PLACED,NA-EAST,False
75,23,2024-12-14 20:15:21,DELIVERED,NA-WEST,False
76,9,2025-02-25 15:48:16,PLACED,NA-WEST,False
77,320,2026-04-14 05:32:25,DELIVERED,NA-EAST,False
78,150,2024-05-27 01:15:39,DELIVERED,APAC-IN,False
79,197,2025-03-24 11:38:17,CANCELLED,NA-EAST,False
80,255,2025-10-19 18:18:19,DELIVERED,APAC-SG,False
81,204,2026-02-14 21:09:37,PLACED,APAC-SG,False
82,485,2025-10-26 11:33:19,DELIVERED,EU-WEST,False
83,44,2026-05-19 05:32:18,DELIVERED,EU-WEST,False
84,54,2025-02-02 07:44:03,SHIPPED,EU-EAST,False
85,172,2025-05-03 21:45:20,DELIVERED,NA-WEST,False
86,,2024-05-05 05:37:34,DELIVERED,APAC-SG,True
87,381,2024-07-18 00:03:09,DELIVERED,APAC-SG,False
88,62,2024-06-01 20:34:42,SHIPPED,APAC-IN,False
89,129,2026-03-28 20:06:03,RETURNED,APAC-SG,False
90,450,2024-12-25 00:00:00,DELIVERED,APAC-SG,False
91,41,2026-03-24 21:22:29,DELIVERED,APAC-IN,False
92,195,2024-12-15 21:56:55,DELIVERED,EU-EAST,False
93,165,2024-06-15 23:54:18,DELIVERED,EU-WEST,False
94,465,2024-03-02 02:50:13,DELIVERED,APAC-SG,False
95,20,2025-09-17 13:42:25,SHIPPED,APAC-SG,False
96,397,2024-12-20 22:50:46,DELIVERED,APAC-IN,False
97,290,2025-07-15 03:24:04,DELIVERED,NA-EAST,False
98,69,2024-05-08 00:08:04,SHIPPED,NA-EAST,False
99,498,2024-12-23 15:59:10,DELIVERED,EU-EAST,False
100,539,2025-04-02 00:00:00,SHIPPED,APAC-SG,False
101,214,2026-04-03 08:55:29,CANCELLED,EU-EAST,False
102,63,2025-09-12 16:17:54,RETURNED,EU-EAST,False
103,60,2025-04-17 22:19:30,DELIVERED,EU-WEST,False
104,222,2026-05-16 23:48:53,DELIVERED,APAC-IN,False
105,198,2026-05-27 09:51:37,DELIVERED,NA-WEST,False
106,426,2024-08-11 21:51:13,DELIVERED,APAC-SG,False
107,438,2024-08-09 17:13:07,SHIPPED,EU-EAST,False
108,162,2026-06-08 09:15:08,DELIVERED,EU-WEST,False
109,333,2025-09-29 10:42:28,DELIVERED,APAC-SG,False
110,247,2026-06-26 14:25:14,DELIVERED,APAC-SG,False
111,464,2026-01-25 04:00:04,PLACED,NA-EAST,False
112,17,2026-05-14 01:52:32,CANCELLED,NA-EAST,False
113,228,2025-01-28 17:10:29,PLACED,APAC-SG,False
114,524,2024-10-27 08:11:07,DELIVERED,NA-WEST,False
115,376,2025-03-24 03:20:26,CANCELLED,NA-EAST,False
116,223,2024-06-28 22:16:58,DELIVERED,NA-WEST,False
117,98,2025-06-10 00:00:00,CANCELLED,EU-EAST,False
118,58,2025-08-02 10:56:58,CANCELLED,EU-EAST,False
119,124,2025-02-16 04:38:50,CANCELLED,NA-EAST,False
120,392,2024-05-24 02:02:10,PLACED,APAC-IN,False
121,335,2026-04-20 10:53:22,SHIPPED,APAC-SG,False
122,403,2026-01-22 05:46:38,DELIVERED,NA-EAST,False
123,297,2025-11-03 13:24:17,DELIVERED,EU-EAST,False
124,51,2025-11-11 02:55:49,DELIVERED,EU-EAST,False
125,134,2024-09-26 12:20:47,SHIPPED,EU-EAST,False
126,201,2026-05-24 09:22:26,PLACED,EU-EAST,False
127,92,2024-08-22 19:25:03,DELIVERED,EU-WEST,False
128,353,2024-04-07 14:29:45,SHIPPED,EU-WEST,False
129,453,2024-10-13 12:30:24,RETURNED,NA-WEST,False
130,383,2024-10-29 07:46:26,CANCELLED,NA-EAST,False
131,249,2024-10-16 09:48:01,CANCELLED,NA-EAST,False
132,114,2025-06-17 23:37:31,PLACED,NA-WEST,False
133,217,2025-01-11 14:15:54,DELIVERED,APAC-IN,False
134,145,2024-03-29 13:34:24,RETURNED,APAC-IN,False
135,,2024-11-20 00:00:00,SHIPPED,APAC-SG,True
136,55,2026-02-21 06:59:44,PLACED,EU-EAST,False
137,369,2024-08-15 00:00:00,CANCELLED,APAC-SG,False
138,390,2026-04-29 23:45:27,PLACED,EU-WEST,False
139,545,2024-07-15 17:38:54,DELIVERED,EU-EAST,False
140,23,2024-05-01 18:04:37,DELIVERED,EU-WEST,False
141,161,2024-03-29 12:57:58,DELIVERED,APAC-SG,False
142,514,2025-05-03 13:29:15,DELIVERED,EU-EAST,False
143,31,2025-05-10 06:23:01,DELIVERED,EU-EAST,False
144,90,2025-10-15 17:42:51,DELIVERED,APAC-SG,False
145,428,2025-03-09 09:18:01,DELIVERED,EU-WEST,False
146,338,2026-01-27 18:14:27,SHIPPED,NA-WEST,False
147,208,2024-10-01 13:06:02,DELIVERED,APAC-IN,False
148,441,2024-10-12 11:40:24,DELIVERED,NA-WEST,False
149,546,2024-08-31 21:47:53,CANCELLED,NA-WEST,False
150,327,2025-12-04 04:32:08,DELIVERED,APAC-SG,False
151,281,2024-10-23 01:22:10,SHIPPED,NA-WEST,False
152,,2025-04-19 13:21:33,DELIVERED,APAC-IN,True
153,27,2025-09-10 00:00:00,DELIVERED,NA-WEST,False
154,481,2025-10-02 22:13:01,DELIVERED,EU-EAST,False
155,198,2025-02-15 00:00:00,DELIVERED,NA-EAST,False
156,423,2025-02-09 17:25:20,RETURNED,NA-WEST,False
157,450,2026-04-01 02:23:42,CANCELLED,NA-WEST,False
158,43,2025-10-12 21:22:36,DELIVERED,APAC-SG,False
159,550,2026-05-25 22:00:48,DELIVERED,NA-EAST,False
160,463,2026-02-08 18:28:56,PLACED,NA-WEST,False
161,406,2024-04-30 23:24:23,DELIVERED,APAC-SG,False
162,195,2025-05-27 07:57:12,CANCELLED,EU-WEST,False
163,433,2025-06-01 08:45:46,PLACED,APAC-IN,False
164,475,2026-01-31 16:31:31,DELIVERED,NA-WEST,False
165,139,2025-11-01 14:35:21,DELIVERED,NA-WEST,False
166,207,2026-02-05 07:49:07,DELIVERED,APAC-SG,False
167,168,2024-09-08 22:03:44,DELIVERED,APAC-SG,False
168,537,2025-10-18 15:48:54,RETURNED,APAC-IN,False
169,388,2025-10-13 00:00:00,SHIPPED,EU-WEST,False
170,154,2024-11-07 20:25:27,SHIPPED,APAC-SG,False
171,316,2025-06-24 19:40:43,RETURNED,EU-WEST,False
172,121,2024-09-21 09:19:24,PLACED,EU-WEST,False
173,,2026-04-13 00:54:06,DELIVERED,NA-EAST,True
174,506,2025-03-05 12:44:52,DELIVERED,EU-EAST,False
175,82,2024-03-11 05:03:36,DELIVERED,APAC-IN,False
176,213,2024-05-15 23:49:30,PLACED,EU-WEST,False
177,,2024-04-20 09:09:21,CANCELLED,EU-WEST,True
178,90,2024-05-16 04:01:18,RETURNED,NA-WEST,False
179,182,2026-02-06 08:13:28,DELIVERED,NA-EAST,False
180,307,2025-07-15 11:40:15,DELIVERED,NA-EAST,False
181,67,2025-05-29 21:35:41,SHIPPED,EU-WEST,False
182,424,2026-05-25 00:13:42,SHIPPED,NA-EAST,False
183,542,2024-07-15 04:33:53,DELIVERED,APAC-SG,False
184,325,2025-04-08 08:49:40,RETURNED,EU-WEST,False
185,509,2026-05-17 08:02:11,DELIVERED,NA-WEST,False
186,239,2025-05-26 06:10:47,PLACED,NA-EAST,False
187,121,2025-01-17 01:51:13,RETURNED,EU-EAST,False
188,,2025-08-26 03:53:54,DELIVERED,NA-EAST,True
189,289,2025-03-31 05:22:21,DELIVERED,APAC-IN,False
190,7,2024-08-24 20:08:31,DELIVERED,APAC-SG,False
191,30,2024-11-28 19:55:37,CANCELLED,APAC-SG,False
192,486,2024-04-25 05:42:27,DELIVERED,APAC-SG,False
193,550,2025-08-03 13:47:36,CANCELLED,APAC-SG,False
194,534,2025-06-09 00:20:37,DELIVERED,APAC-IN,False
195,214,2025-07-29 07:23:29,CANCELLED,EU-WEST,False
196,153,2025-05-10 16:18:27,DELIVERED,EU-EAST,False
197,170,2025-10-27 04:05:00,SHIPPED,EU-WEST,False
198,323,2024-04-19 03:11:07,PLACED,NA-WEST,False
199,310,2025-01-30 18:16:43,SHIPPED,EU-WEST,False
200,207,2024-07-22 20:31:54,PLACED,EU-EAST,False
201,158,2024-12-21 11:36:19,DELIVERED,APAC-IN,False
202,336,2024-10-09 14:25:35,PLACED,APAC-IN,False
203,136,2025-01-13 17:55:47,DELIVERED,APAC-SG,False
204,119,2024-03-07 09:13:37,PLACED,APAC-IN,False
205,342,2026-02-24 06:23:42,SHIPPED,APAC-SG,False
206,24,2025-06-28 21:31:50,SHIPPED,NA-WEST,False
207,284,2026-06-05 20:40:49,DELIVERED,NA-EAST,False
208,162,2025-04-30 01:55:21,RETURNED,APAC-IN,False
209,212,2026-06-21 18:56:11,DELIVERED,NA-WEST,False
210,291,2025-03-16 07:44:25,DELIVERED,EU-WEST,False
211,52,2024-09-19 00:00:00,RETURNED,NA-EAST,False
212,56,2024-07-12 18:46:14,SHIPPED,APAC-IN,False
213,457,2025-09-04 10:38:07,CANCELLED,APAC-SG,False
214,547,2024-07-01 00:23:32,DELIVERED,EU-EAST,False
215,96,2026-02-26 10:35:28,DELIVERED,APAC-SG,False
216,477,2026-03-01 23:13:18,SHIPPED,APAC-IN,False
217,373,2025-10-31 01:41:13,RETURNED,EU-WEST,False
218,333,2026-02-03 03:37:03,PLACED,NA-EAST,False
219,473,2024-11-21 07:56:35,DELIVERED,APAC-IN,False
220,106,2025-11-21 05:04:10,DELIVERED,EU-WEST,False
221,73,2025-06-13 07:46:48,DELIVERED,EU-EAST,False
222,250,2024-11-03 00:42:21,DELIVERED,EU-WEST,False
223,442,2026-01-06 07:09:45,DELIVERED,APAC-SG,False
224,80,2026-03-26 22:53:34,DELIVERED,EU-WEST,False
225,456,2024-11-29 16:14:34,DELIVERED,APAC-IN,False
226,389,2025-07-22 14:39:50,DELIVERED,NA-EAST,False
227,143,2024-03-01 06:52:21,DELIVERED,EU-EAST,False
228,400,2026-01-24 15:19:28,DELIVERED,EU-WEST,False
229,312,2026-01-05 07:47:54,RETURNED,NA-EAST,False
230,523,2025-11-18 21:34:18,CANCELLED,NA-EAST,False
231,55,2024-03-02 07:26:27,CANCELLED,EU-WEST,False
232,289,2024-04-18 10:39:05,DELIVERED,EU-EAST,False
233,392,2025-11-21 17:59:40,DELIVERED,APAC-SG,False
234,143,2024-12-18 09:36:18,CANCELLED,EU-WEST,False
235,158,2025-05-23 02:58:24,DELIVERED,NA-WEST,False
236,,2024-03-25 09:37:45,CANCELLED,APAC-SG,True
237,140,2024-07-10 12:28:55,CANCELLED,EU-EAST,False
238,436,2024-12-05 07:19:55,DELIVERED,EU-EAST,False
239,232,2024-12-14 14:47:30,PLACED,EU-EAST,False
240,243,2026-04-19 09:48:20,RETURNED,APAC-IN,False
241,39,2026-03-21 17:32:30,SHIPPED,EU-EAST,False
242,82,2024-10-07 17:24:18,DELIVERED,EU-WEST,False
243,81,2026-05-23 00:09:19,PLACED,EU-EAST,False
244,80,2026-06-16 14:43:44,DELIVERED,NA-EAST,False
245,548,2024-03-17 18:02:03,DELIVERED,EU-EAST,False
246,340,2025-12-15 00:37:05,RETURNED,EU-WEST,False
247,37,2025-06-16 08:34:57,DELIVERED,NA-EAST,False
248,174,2024-05-20 04:31:43,DELIVERED,APAC-SG,False
249,294,2026-03-24 01:10:11,DELIVERED,EU-WEST,False
250,288,2025-05-02 12:50:15,PLACED,NA-EAST,False
251,155,2026-01-23 20:26:13,SHIPPED,APAC-SG,False
252,186,2026-05-29 06:28:53,DELIVERED,NA-EAST,False
253,158,2026-04-10 10:17:30,DELIVERED,EU-EAST,False
254,451,2024-11-15 20:46:19,DELIVERED,EU-WEST,False
255,271,2024-08-28 00:00:00,DELIVERED,EU-EAST,False
256,546,2025-02-26 23:31:30,DELIVERED,EU-EAST,False
257,544,2026-01-05 00:00:00,RETURNED,EU-EAST,False
258,324,2026-06-02 17:16:49,PLACED,APAC-IN,False
259,443,2025-04-28 10:54:50,DELIVERED,NA-EAST,False
260,401,2026-02-15 07:22:27,DELIVERED,APAC-SG,False
261,200,2026-05-17 17:13:39,DELIVERED,NA-WEST,False
262,11,2024-03-14 04:00:51,PLACED,NA-EAST,False
263,457,2025-08-29 01:28:55,DELIVERED,NA-WEST,False
264,,2024-07-21 00:00:00,DELIVERED,NA-WEST,True
265,125,2024-09-03 09:04:15,DELIVERED,EU-EAST,False
266,190,2024-08-20 04:36:15,DELIVERED,EU-EAST,False
267,78,2026-02-03 09:36:31,DELIVERED,EU-EAST,False
268,332,2025-04-04 18:12:13,PLACED,NA-EAST,False
269,341,2024-06-02 07:08:55,CANCELLED,NA-WEST,False
270,504,2025-01-06 17:29:12,SHIPPED,EU-EAST,False
271,442,2025-02-03 06:02:19,SHIPPED,EU-EAST,False
272,106,2024-04-24 00:00:00,DELIVERED,EU-WEST,False
273,20,2026-04-13 03:39:08,DELIVERED,NA-EAST,False
274,273,2024-10-22 12:20:10,RETURNED,APAC-IN,False
275,,2026-04-02 05:51:21,DELIVERED,APAC-SG,True
276,72,2026-06-18 01:27:29,DELIVERED,APAC-SG,False
277,494,2024-09-05 06:47:58,RETURNED,EU-WEST,False
278,311,2025-11-13 00:00:00,RETURNED,APAC-SG,False
279,548,2025-08-11 06:27:35,DELIVERED,EU-WEST,False
280,181,2024-05-01 02:22:21,DELIVERED,EU-WEST,False
281,110,2025-09-10 02:13:31,CANCELLED,EU-EAST,False
282,144,2024-04-25 10:55:43,DELIVERED,APAC-IN,False
283,399,2024-06-06 20:32:07,DELIVERED,EU-EAST,False
284,461,2024-03-26 00:00:00,PLACED,APAC-SG,False
285,,2024-08-31 14:20:05,DELIVERED,APAC-IN,True
286,550,2024-10-18 09:23:37,SHIPPED,NA-EAST,False
287,,2024-10-06 22:52:31,PLACED,APAC-IN,True
288,,2024-09-19 00:00:00,DELIVERED,EU-WEST,True
289,100,2026-02-07 15:47:39,CANCELLED,NA-EAST,False
290,109,2024-08-25 08:55:37,DELIVERED,NA-WEST,False
291,208,2025-12-23 02:18:54,CANCELLED,APAC-SG,False
292,333,2024-09-04 15:50:28,DELIVERED,NA-WEST,False
293,219,2024-05-10 19:35:22,DELIVERED,NA-EAST,False
294,426,2024-11-17 01:23:23,DELIVERED,EU-EAST,False
295,42,2024-09-24 04:25:36,CANCELLED,APAC-IN,False
296,162,2024-03-25 06:44:26,PLACED,NA-EAST,False
297,92,2025-05-15 18:16:43,CANCELLED,EU-EAST,False
298,212,2024-10-09 06:42:07,DELIVERED,EU-EAST,False
299,179,2024-04-28 10:37:13,DELIVERED,APAC-IN,False
300,309,2025-08-23 08:55:15,DELIVERED,NA-WEST,False
301,543,2024-07-27 15:21:09,CANCELLED,APAC-IN,False
302,476,2025-01-18 06:51:17,SHIPPED,NA-WEST,False
303,486,2026-04-12 20:41:51,DELIVERED,NA-EAST,False
304,373,2025-05-17 19:58:32,DELIVERED,APAC-IN,False
305,465,2024-05-07 06:59:34,PLACED,APAC-IN,False
306,30,2026-03-24 12:23:58,PLACED,NA-WEST,False
307,334,2025-12-11 23:55:23,DELIVERED,EU-WEST,False
308,113,2025-07-20 15:05:26,SHIPPED,EU-EAST,False
309,385,2025-02-06 00:00:00,DELIVERED,NA-EAST,False
310,149,2025-01-30 19:13:16,DELIVERED,EU-EAST,False
311,469,2024-12-27 14:37:12,RETURNED,NA-WEST,False
312,33,2024-06-01 15:58:38,SHIPPED,EU-EAST,False
313,176,2025-08-16 17:26:31,DELIVERED,NA-WEST,False
314,175,2025-02-20 19:55:20,CANCELLED,EU-EAST,False
315,222,2026-03-06 12:56:56,DELIVERED,APAC-SG,False
316,253,2025-03-20 23:49:33,DELIVERED,APAC-IN,False
317,6,2025-12-09 23:39:48,PLACED,EU-EAST,False
318,517,2024-04-22 05:27:54,DELIVERED,APAC-SG,False
319,464,2026-04-09 09:33:53,DELIVERED,NA-EAST,False
320,417,2025-02-02 15:52:15,DELIVERED,APAC-SG,False
321,17,2026-03-16 07:36:17,SHIPPED,EU-EAST,False
322,25,2026-02-05 13:41:38,SHIPPED,APAC-SG,False
323,380,2026-02-20 06:12:05,PLACED,APAC-SG,False
324,341,2026-06-03 00:00:00,DELIVERED,EU-WEST,False
325,213,2024-07-04 18:22:18,DELIVERED,NA-EAST,False
326,373,2024-05-20 02:23:32,DELIVERED,APAC-IN,False
327,,2025-09-21 05:36:44,DELIVERED,NA-EAST,True
328,210,2024-10-02 00:08:32,SHIPPED,NA-EAST,False
329,215,2025-02-14 04:54:32,CANCELLED,APAC-IN,False
330,284,2024-05-24 00:00:00,DELIVERED,EU-EAST,False
331,126,2026-03-01 08:58:43,DELIVERED,APAC-IN,False
332,463,2025-09-23 21:28:19,RETURNED,NA-EAST,False
333,469,2024-07-14 15:06:22,CANCELLED,EU-WEST,False
334,79,2024-08-17 21:25:11,SHIPPED,NA-WEST,False
335,210,2026-05-18 20:38:31,PLACED,EU-EAST,False
336,136,2026-03-07 04:27:21,DELIVERED,APAC-SG,False
337,,2024-12-19 00:00:00,CANCELLED,NA-WEST,True
338,533,2025-08-04 18:24:57,DELIVERED,APAC-SG,False
339,498,2026-06-02 14:01:46,DELIVERED,EU-WEST,False
340,314,2024-11-22 18:49:26,SHIPPED,EU-WEST,False
341,49,2024-10-17 10:27:14,DELIVERED,NA-WEST,False
342,165,2026-06-10 14:03:09,RETURNED,APAC-SG,False
343,158,2024-11-06 12:00:41,PLACED,EU-WEST,False
344,452,2025-04-09 12:41:02,SHIPPED,APAC-SG,False
345,,2025-07-06 08:31:11,SHIPPED,EU-EAST,True
346,167,2026-06-07 23:39:05,RETURNED,EU-EAST,False
347,149,2026-02-10 12:59:46,SHIPPED,APAC-SG,False
348,520,2025-07-28 15:02:15,DELIVERED,EU-WEST,False
349,151,2026-01-16 18:53:20,SHIPPED,EU-EAST,False
350,143,2024-08-29 13:27:24,DELIVERED,NA-WEST,False
351,95,2025-07-20 00:00:00,DELIVERED,APAC-IN,False
352,285,2024-12-30 00:00:00,DELIVERED,EU-EAST,False
353,90,2026-05-05 00:49:18,DELIVERED,APAC-IN,False
354,58,2025-09-12 21:28:26,DELIVERED,EU-EAST,False
355,382,2024-03-19 22:30:20,DELIVERED,EU-EAST,False
356,90,2025-01-30 01:41:53,DELIVERED,EU-EAST,False
357,296,2024-11-10 10:32:47,RETURNED,EU-EAST,False
358,425,2024-10-03 19:27:37,DELIVERED,NA-WEST,False
359,487,2026-05-26 00:38:32,PLACED,APAC-IN,False
360,91,2024-03-11 06:46:09,RETURNED,EU-EAST,False
361,474,2024-09-29 17:00:36,CANCELLED,EU-WEST,False
362,44,2025-06-13 03:06:40,DELIVERED,APAC-IN,False
363,230,2024-04-11 16:40:05,SHIPPED,EU-WEST,False
364,484,2024-09-09 21:39:04,CANCELLED,EU-EAST,False
365,251,2024-04-14 04:24:59,DELIVERED,NA-EAST,False
366,371,2026-03-17 09:48:46,CANCELLED,APAC-SG,False
367,123,2025-10-01 17:59:13,DELIVERED,EU-WEST,False
368,60,2024-10-14 00:23:12,CANCELLED,NA-WEST,False
369,55,2025-04-28 13:53:15,DELIVERED,EU-WEST,False
370,,2025-05-28 02:01:32,RETURNED,APAC-IN,True
371,188,2024-07-25 19:32:16,SHIPPED,EU-WEST,False
372,309,2025-04-26 16:43:26,DELIVERED,NA-EAST,False
373,361,2024-10-10 00:00:00,DELIVERED,EU-WEST,False
374,422,2025-08-11 15:47:29,SHIPPED,NA-WEST,False
375,227,2024-12-18 16:41:12,DELIVERED,APAC-SG,False
376,539,2026-06-05 13:57:49,DELIVERED,NA-EAST,False
377,79,2024-08-29 01:52:56,RETURNED,EU-EAST,False
378,372,2024-10-02 22:49:00,CANCELLED,APAC-IN,False
379,351,2024-11-23 12:20:53,PLACED,NA-EAST,False
380,146,2025-02-15 23:18:25,SHIPPED,NA-EAST,False
381,115,2024-06-29 00:00:00,DELIVERED,EU-EAST,False
382,,2024-08-15 00:00:00,DELIVERED,APAC-IN,True
383,122,2025-03-29 00:00:00,DELIVERED,NA-EAST,False
384,127,2025-01-14 01:54:40,SHIPPED,APAC-SG,False
385,93,2024-10-13 02:45:26,RETURNED,APAC-IN,False
386,165,2026-04-17 17:00:13,DELIVERED,APAC-IN,False
387,102,2024-03-22 17:22:22,DELIVERED,EU-WEST,False
388,5,2024-08-01 07:16:12,RETURNED,APAC-SG,False
389,190,2026-01-12 23:55:48,SHIPPED,EU-WEST,False
390,435,2025-01-27 20:42:49,DELIVERED,EU-WEST,False
391,113,2026-05-17 08:50:55,DELIVERED,APAC-SG,False
392,42,2024-07-06 18:25:32,SHIPPED,EU-WEST,False
393,320,2026-01-19 15:52:28,DELIVERED,EU-EAST,False
394,72,2026-03-09 22:30:58,DELIVERED,NA-EAST,False
395,504,2024-08-11 09:05:31,DELIVERED,APAC-SG,False
396,147,2025-11-04 07:38:17,DELIVERED,NA-EAST,False
397,173,2024-06-09 12:34:44,SHIPPED,NA-WEST,False
398,414,2024-09-07 16:54:19,DELIVERED,EU-EAST,False
399,280,2025-11-12 17:51:43,DELIVERED,EU-EAST,False
400,524,2025-05-08 05:47:47,DELIVERED,NA-EAST,False
401,510,2025-02-22 13:39:36,SHIPPED,NA-EAST,False
402,70,2026-04-13 19:48:55,RETURNED,EU-EAST,False
403,335,2024-10-24 06:26:06,DELIVERED,NA-EAST,False
404,533,2026-04-04 14:04:49,SHIPPED,APAC-SG,False
405,517,2025-04-11 11:35:18,CANCELLED,APAC-IN,False
406,33,2025-12-29 14:42:49,SHIPPED,EU-EAST,False
407,386,2026-01-17 11:41:20,PLACED,APAC-IN,False
408,311,2024-11-10 23:44:27,SHIPPED,APAC-SG,False
409,113,2026-04-02 01:10:04,DELIVERED,APAC-IN,False
410,161,2026-04-27 00:00:00,DELIVERED,APAC-IN,False
411,362,2025-05-16 20:36:00,PLACED,NA-EAST,False
412,376,2025-08-24 23:04:09,DELIVERED,APAC-SG,False
413,100,2025-12-26 02:31:17,DELIVERED,EU-WEST,False
414,251,2025-03-20 15:42:59,DELIVERED,NA-EAST,False
415,68,2025-06-17 15:57:37,SHIPPED,APAC-IN,False
416,472,2025-12-17 06:56:11,RETURNED,EU-WEST,False
417,,2026-02-28 15:40:53,RETURNED,EU-EAST,True
418,331,2024-07-30 19:28:37,SHIPPED,APAC-SG,False
419,509,2026-04-21 00:34:08,DELIVERED,NA-WEST,False
420,373,2026-01-07 06:55:39,DELIVERED,NA-EAST,False
421,549,2025-01-27 13:29:05,PLACED,APAC-IN,False
422,232,2024-07-21 20:26:11,DELIVERED,APAC-IN,False
423,69,2026-06-03 23:29:17,SHIPPED,NA-EAST,False
424,310,2026-04-23 22:19:31,DELIVERED,APAC-IN,False
425,425,2025-11-15 22:52:00,DELIVERED,APAC-SG,False
426,185,2024-03-29 21:34:55,DELIVERED,NA-WEST,False
427,219,2026-02-24 22:01:55,DELIVERED,APAC-IN,False
428,445,2024-06-02 00:33:00,DELIVERED,NA-WEST,False
429,308,2026-01-06 08:28:13,CANCELLED,NA-EAST,False
430,423,2025-04-19 16:02:56,DELIVERED,EU-WEST,False
431,242,2025-11-21 11:46:44,SHIPPED,NA-EAST,False
432,318,2026-02-20 01:07:40,RETURNED,EU-EAST,False
433,38,2025-01-08 18:45:07,SHIPPED,EU-WEST,False
434,285,2024-11-29 09:12:16,PLACED,APAC-SG,False
435,21,2024-05-25 22:45:00,PLACED,APAC-IN,False
436,66,2025-11-23 06:18:54,DELIVERED,NA-EAST,False
437,144,2025-03-02 16:15:07,DELIVERED,NA-EAST,False
438,538,2025-03-27 04:05:05,PLACED,APAC-IN,False
439,321,2025-07-25 12:40:06,DELIVERED,APAC-SG,False
440,434,2025-02-02 15:56:30,SHIPPED,EU-WEST,False
441,261,2024-05-26 21:03:00,DELIVERED,NA-EAST,False
442,434,2026-03-08 15:50:41,RETURNED,NA-WEST,False
443,377,2025-06-22 00:00:00,RETURNED,APAC-IN,False
444,,2024-05-24 22:19:57,DELIVERED,NA-WEST,True
445,394,2025-06-24 10:21:55,DELIVERED,APAC-SG,False
446,243,2026-01-17 05:58:18,RETURNED,EU-EAST,False
447,262,2025-06-11 09:55:24,CANCELLED,NA-WEST,False
448,165,2026-01-11 17:21:32,CANCELLED,APAC-SG,False
449,35,2025-04-30 16:49:19,CANCELLED,EU-EAST,False
450,423,2025-07-30 20:46:59,CANCELLED,NA-EAST,False
451,268,2026-04-26 00:00:00,DELIVERED,APAC-SG,False
452,335,2026-02-03 02:49:22,DELIVERED,APAC-SG,False
453,455,2024-09-28 00:00:00,SHIPPED,EU-WEST,False
454,85,2024-08-20 03:58:29,DELIVERED,APAC-SG,False
455,421,2025-07-10 04:03:45,CANCELLED,NA-WEST,False
456,336,2025-05-12 18:09:57,DELIVERED,NA-WEST,False
457,387,2025-02-12 00:00:00,PLACED,APAC-IN,False
458,235,2024-07-17 05:17:12,SHIPPED,APAC-SG,False
459,51,2025-11-13 23:39:54,DELIVERED,NA-WEST,False
460,377,2024-11-20 06:38:26,SHIPPED,APAC-SG,False
461,465,2026-04-07 15:12:40,DELIVERED,NA-WEST,False
462,273,2025-05-22 08:00:01,DELIVERED,EU-EAST,False
463,221,2025-05-14 13:47:00,SHIPPED,NA-WEST,False
464,150,2024-04-14 16:44:22,DELIVERED,APAC-IN,False
465,255,2025-09-26 05:05:37,DELIVERED,NA-EAST,False
466,,2024-09-23 22:14:23,RETURNED,EU-EAST,True
467,393,2025-12-18 13:25:49,DELIVERED,NA-EAST,False
468,54,2025-07-31 02:00:53,DELIVERED,EU-WEST,False
469,47,2024-03-09 07:52:19,DELIVERED,EU-WEST,False
470,380,2024-09-22 10:11:57,DELIVERED,APAC-IN,False
471,174,2026-04-22 13:02:20,DELIVERED,EU-EAST,False
472,325,2026-06-02 23:37:57,DELIVERED,EU-WEST,False
473,,2024-09-15 15:23:41,RETURNED,EU-WEST,True
474,441,2025-05-14 12:13:38,DELIVERED,EU-WEST,False
475,447,2024-11-12 07:02:33,RETURNED,NA-WEST,False
476,451,2024-05-22 16:16:01,PLACED,NA-WEST,False
477,,2025-04-09 05:51:09,DELIVERED,NA-EAST,True
478,507,2024-05-03 08:49:30,RETURNED,APAC-IN,False
479,505,2024-08-22 17:57:50,CANCELLED,NA-EAST,False
480,209,2025-05-16 08:37:44,SHIPPED,APAC-IN,False
481,218,2024-03-07 09:49:05,DELIVERED,EU-EAST,False
482,253,2026-04-13 18:54:56,CANCELLED,NA-EAST,False
483,125,2025-11-03 07:42:55,RETURNED,NA-EAST,False
484,158,2024-04-14 20:31:10,CANCELLED,APAC-SG,False
485,276,2024-03-10 00:26:22,PLACED,APAC-IN,False
486,333,2024-09-17 21:24:23,PLACED,APAC-SG,False
487,57,2024-06-18 20:47:06,DELIVERED,NA-EAST,False
488,183,2025-03-08 22:50:09,CANCELLED,NA-EAST,False
489,,2025-01-18 11:06:23,DELIVERED,EU-WEST,True
490,158,2024-09-04 08:22:04,CANCELLED,APAC-SG,False
491,318,2024-09-20 22:43:18,PLACED,EU-WEST,False
492,502,2026-01-21 23:17:48,DELIVERED,APAC-IN,False
493,93,2025-12-17 09:17:48,DELIVERED,EU-EAST,False
494,96,2024-05-02 19:38:28,RETURNED,APAC-SG,False
495,159,2026-04-09 10:57:07,DELIVERED,NA-EAST,False
496,448,2024-07-02 00:09:39,DELIVERED,NA-WEST,False
497,308,2025-03-22 06:28:28,DELIVERED,NA-EAST,False
498,47,2026-05-07 13:28:50,DELIVERED,NA-EAST,False
499,260,2025-09-04 04:25:16,PLACED,APAC-IN,False
500,,2026-02-18 01:22:40,SHIPPED,EU-EAST,True
501,,2025-12-07 14:58:58,DELIVERED,APAC-IN,True
502,461,2025-04-16 18:41:22,RETURNED,NA-WEST,False
503,81,2025-04-07 20:03:48,SHIPPED,APAC-IN,False
504,,2025-11-04 12:12:03,SHIPPED,EU-EAST,True
505,415,2026-03-27 02:19:47,CANCELLED,APAC-IN,False
506,405,2025-06-14 03:51:29,SHIPPED,NA-WEST,False
507,17,2024-12-18 09:23:28,SHIPPED,APAC-SG,False
508,248,2026-01-06 23:22:18,CANCELLED,APAC-IN,False
509,309,2026-02-18 21:45:25,DELIVERED,NA-EAST,False
510,157,2026-01-21 16:43:03,DELIVERED,EU-EAST,False
511,207,2025-06-02 00:06:41,CANCELLED,NA-EAST,False
512,106,2025-12-31 18:13:17,CANCELLED,APAC-SG,False
513,298,2024-04-27 12:06:06,DELIVERED,APAC-IN,False
514,500,2025-02-24 06:04:27,DELIVERED,EU-EAST,False
515,66,2025-04-21 02:07:46,DELIVERED,EU-EAST,False
516,356,2026-01-26 10:46:55,PLACED,EU-WEST,False
517,481,2025-08-17 03:33:35,DELIVERED,APAC-IN,False
518,348,2026-02-26 17:43:34,DELIVERED,APAC-SG,False
519,427,2025-09-11 15:18:03,DELIVERED,NA-WEST,False
520,290,2024-07-12 21:28:00,SHIPPED,NA-WEST,False
521,504,2024-08-04 17:57:48,RETURNED,EU-EAST,False
522,215,2024-05-13 02:07:34,DELIVERED,EU-WEST,False
523,163,2024-11-27 09:50:22,CANCELLED,NA-EAST,False
524,346,2025-12-29 22:41:40,SHIPPED,APAC-IN,False
525,265,2025-08-11 16:12:22,DELIVERED,APAC-IN,False
526,155,2026-05-10 15:02:11,SHIPPED,NA-EAST,False
527,449,2026-02-09 03:15:06,DELIVERED,NA-EAST,False
528,105,2024-05-05 04:44:02,SHIPPED,NA-EAST,False
529,371,2024-10-30 22:35:51,DELIVERED,APAC-IN,False
530,102,2024-10-26 16:33:42,DELIVERED,NA-WEST,False
531,207,2026-01-12 03:08:59,DELIVERED,NA-EAST,False
532,486,2025-08-13 05:20:04,SHIPPED,EU-WEST,False
533,425,2025-09-12 05:45:38,SHIPPED,APAC-IN,False
534,234,2024-10-01 08:48:05,DELIVERED,EU-EAST,False
535,529,2025-09-13 23:55:33,DELIVERED,NA-EAST,False
536,530,2024-06-17 02:10:29,DELIVERED,NA-WEST,False
537,403,2024-04-27 14:57:16,DELIVERED,APAC-IN,False
538,533,2025-06-03 09:24:20,CANCELLED,APAC-SG,False
539,312,2025-07-01 07:24:21,PLACED,EU-WEST,False
540,151,2025-11-18 11:54:10,SHIPPED,APAC-IN,False
541,453,2025-08-19 07:52:32,DELIVERED,EU-EAST,False
542,309,2024-07-09 00:00:00,DELIVERED,APAC-SG,False
543,130,2026-05-18 12:31:00,DELIVERED,NA-EAST,False
544,320,2026-05-19 20:48:35,DELIVERED,NA-EAST,False
545,,2026-06-17 18:08:52,SHIPPED,EU-WEST,True
546,518,2024-08-19 13:34:21,CANCELLED,EU-WEST,False
547,363,2024-09-09 00:00:00,DELIVERED,NA-EAST,False
548,6,2026-02-02 22:33:02,SHIPPED,APAC-SG,False
549,547,2025-02-27 06:06:31,DELIVERED,APAC-SG,False
550,144,2025-10-08 16:23:55,SHIPPED,EU-WEST,False
551,198,2025-09-13 05:01:47,SHIPPED,EU-EAST,False
552,84,2024-07-22 00:00:00,CANCELLED,EU-EAST,False
553,80,2025-09-25 16:17:10,DELIVERED,APAC-IN,False
554,405,2025-04-14 15:12:50,DELIVERED,EU-EAST,False
555,502,2025-12-08 15:59:30,SHIPPED,NA-WEST,False
556,469,2024-09-17 23:49:45,DELIVERED,APAC-IN,False
557,218,2026-02-06 11:44:58,DELIVERED,APAC-IN,False
558,122,2025-11-25 18:27:09,DELIVERED,EU-WEST,False
559,,2024-10-25 03:36:23,DELIVERED,EU-WEST,True
560,498,2024-04-13 11:05:14,SHIPPED,APAC-IN,False
561,313,2025-05-15 08:59:10,CANCELLED,EU-EAST,False
562,,2026-06-29 13:40:12,CANCELLED,EU-EAST,True
563,318,2026-02-01 17:44:27,DELIVERED,EU-EAST,False
564,136,2024-10-02 04:29:06,DELIVERED,EU-EAST,False
565,153,2025-07-19 04:56:31,DELIVERED,APAC-IN,False
566,239,2025-11-05 05:28:24,PLACED,APAC-SG,False
567,285,2024-07-16 12:38:00,DELIVERED,APAC-IN,False
568,317,2024-09-09 06:54:46,PLACED,APAC-IN,False
569,55,2026-05-20 12:23:28,DELIVERED,NA-EAST,False
570,545,2024-12-05 05:19:10,DELIVERED,NA-WEST,False
571,455,2024-07-10 11:54:14,DELIVERED,EU-EAST,False
572,504,2024-04-06 03:19:00,SHIPPED,NA-EAST,False
573,325,2025-10-15 10:24:06,SHIPPED,NA-EAST,False
574,293,2024-10-10 17:59:10,DELIVERED,NA-WEST,False
575,418,2024-11-18 00:00:00,RETURNED,NA-WEST,False
576,,2024-05-30 21:06:16,PLACED,NA-WEST,True
577,332,2025-04-05 16:29:14,CANCELLED,NA-EAST,False
578,246,2025-03-03 09:01:40,DELIVERED,EU-EAST,False
579,276,2024-06-03 04:31:26,DELIVERED,NA-EAST,False
580,418,2025-02-27 02:28:32,PLACED,APAC-IN,False
581,104,2025-03-18 15:19:46,DELIVERED,NA-WEST,False
582,417,2026-01-22 19:25:25,DELIVERED,NA-WEST,False
583,146,2025-10-01 21:49:38,SHIPPED,NA-WEST,False
584,434,2026-01-31 00:00:00,CANCELLED,APAC-IN,False
585,172,2024-03-01 00:00:00,RETURNED,EU-WEST,False
586,390,2025-08-28 21:48:34,SHIPPED,APAC-IN,False
587,166,2026-06-08 16:17:30,DELIVERED,EU-EAST,False
588,144,2025-05-09 02:57:37,SHIPPED,APAC-IN,False
589,326,2025-08-15 06:22:05,RETURNED,APAC-SG,False
590,252,2025-07-13 15:32:35,DELIVERED,APAC-IN,False
591,137,2024-03-04 04:20:12,PLACED,NA-EAST,False
592,424,2026-03-30 14:22:23,DELIVERED,APAC-SG,False
593,32,2026-01-21 13:23:34,DELIVERED,EU-EAST,False
594,367,2025-10-22 19:07:25,DELIVERED,APAC-SG,False
595,128,2026-02-17 18:25:40,SHIPPED,NA-EAST,False
596,21,2025-05-11 17:27:11,DELIVERED,NA-WEST,False
597,311,2025-02-07 12:58:59,DELIVERED,EU-WEST,False
598,,2026-04-05 14:19:39,DELIVERED,NA-WEST,True
599,,2025-11-06 07:09:47,DELIVERED,APAC-IN,True
600,199,2024-11-28 00:00:00,SHIPPED,NA-EAST,False
601,234,2026-05-22 13:50:03,DELIVERED,APAC-SG,False
602,,2026-06-06 21:29:59,DELIVERED,EU-EAST,True
603,,2025-12-24 11:58:54,RETURNED,NA-EAST,True
604,331,2026-01-01 22:33:52,DELIVERED,NA-EAST,False
605,478,2026-04-09 20:21:52,DELIVERED,APAC-SG,False
606,285,2025-12-13 13:02:56,DELIVERED,EU-EAST,False
607,84,2024-04-09 09:56:03,SHIPPED,APAC-SG,False
608,77,2025-03-24 08:05:06,DELIVERED,NA-EAST,False
609,100,2024-04-13 07:10:17,CANCELLED,APAC-IN,False
610,343,2025-03-24 23:56:30,DELIVERED,EU-WEST,False
611,342,2026-05-17 06:53:23,RETURNED,APAC-IN,False
612,98,2026-01-23 13:05:35,PLACED,NA-EAST,False
613,387,2025-06-30 15:54:13,DELIVERED,NA-WEST,False
614,453,2024-05-25 02:40:32,DELIVERED,NA-EAST,False
615,58,2024-05-21 02:16:27,DELIVERED,NA-EAST,False
616,421,2025-02-26 03:02:40,DELIVERED,APAC-IN,False
617,,2025-10-18 09:34:33,DELIVERED,APAC-IN,True
618,348,2024-04-10 08:18:33,DELIVERED,NA-WEST,False
619,13,2024-06-13 22:14:25,CANCELLED,APAC-IN,False
620,522,2025-04-03 03:02:18,DELIVERED,APAC-IN,False
621,249,2024-09-30 20:48:37,PLACED,EU-WEST,False
622,526,2025-09-07 17:38:58,CANCELLED,NA-WEST,False
623,317,2025-08-15 16:15:01,RETURNED,APAC-IN,False
624,149,2024-05-29 00:57:24,CANCELLED,APAC-IN,False
625,433,2025-08-17 02:23:36,SHIPPED,NA-WEST,False
626,350,2024-12-20 03:41:14,DELIVERED,EU-EAST,False
627,340,2025-08-04 10:19:47,DELIVERED,NA-WEST,False
628,44,2026-04-10 09:38:08,PLACED,NA-WEST,False
629,478,2025-01-26 02:22:46,DELIVERED,EU-WEST,False
630,385,2025-01-13 22:44:55,CANCELLED,NA-EAST,False
631,76,2025-09-07 00:00:00,SHIPPED,EU-WEST,False
632,369,2024-05-08 04:53:25,SHIPPED,EU-WEST,False
633,269,2024-11-26 17:47:52,DELIVERED,NA-WEST,False
634,181,2025-04-11 16:11:11,PLACED,APAC-SG,False
635,114,2025-08-08 15:50:34,DELIVERED,NA-WEST,False
636,382,2024-11-22 04:45:23,RETURNED,APAC-IN,False
637,67,2024-09-01 01:45:04,RETURNED,NA-WEST,False
638,388,2025-10-03 09:14:56,DELIVERED,APAC-SG,False
639,48,2024-12-19 18:14:22,DELIVERED,NA-WEST,False
640,55,2025-05-10 01:53:22,CANCELLED,APAC-IN,False
641,215,2024-07-05 11:05:56,DELIVERED,APAC-IN,False
642,521,2025-10-24 22:00:26,DELIVERED,APAC-IN,False
643,532,2026-02-20 05:08:19,DELIVERED,APAC-IN,False
644,507,2026-03-06 22:59:03,DELIVERED,APAC-IN,False
645,213,2025-02-05 00:31:58,DELIVERED,NA-WEST,False
646,314,2025-12-21 06:00:01,DELIVERED,EU-WEST,False
647,87,2024-09-25 16:11:49,DELIVERED,APAC-IN,False
648,43,2026-02-21 17:53:35,DELIVERED,EU-EAST,False
649,419,2025-09-22 21:50:17,DELIVERED,EU-EAST,False
650,,2026-01-16 03:20:26,DELIVERED,EU-WEST,True
651,302,2026-04-19 11:09:07,DELIVERED,EU-WEST,False
652,101,2024-09-01 00:00:00,PLACED,NA-WEST,False
653,338,2025-03-24 09:33:25,CANCELLED,APAC-SG,False
654,196,2024-10-01 03:59:03,DELIVERED,APAC-SG,False
655,268,2024-03-14 06:09:57,DELIVERED,EU-WEST,False
656,414,2025-11-21 07:46:21,DELIVERED,NA-EAST,False
657,525,2024-10-18 21:36:15,SHIPPED,APAC-SG,False
658,486,2025-02-27 01:49:55,DELIVERED,EU-EAST,False
659,473,2025-08-12 04:42:33,DELIVERED,NA-WEST,False
660,428,2025-01-20 13:53:09,CANCELLED,NA-EAST,False
661,132,2025-06-18 16:32:50,PLACED,APAC-SG,False
662,348,2025-02-14 06:54:01,DELIVERED,EU-EAST,False
663,307,2025-07-20 13:07:31,DELIVERED,NA-EAST,False
664,158,2025-07-27 00:37:55,DELIVERED,APAC-IN,False
665,401,2025-10-14 08:35:11,DELIVERED,APAC-IN,False
666,487,2024-08-16 18:19:53,RETURNED,APAC-SG,False
667,96,2024-11-22 07:08:14,DELIVERED,NA-EAST,False
668,501,2024-04-11 16:36:43,PLACED,EU-EAST,False
669,239,2025-05-27 05:12:02,PLACED,NA-EAST,False
670,12,2024-11-22 22:07:37,RETURNED,EU-EAST,False
671,114,2024-09-17 14:36:04,DELIVERED,NA-EAST,False
672,212,2024-09-18 20:13:35,DELIVERED,APAC-SG,False
673,163,2025-06-26 01:20:04,DELIVERED,APAC-SG,False
674,207,2024-03-12 13:30:23,DELIVERED,EU-EAST,False
675,253,2026-05-26 21:21:05,DELIVERED,EU-EAST,False
676,41,2024-07-20 12:33:14,CANCELLED,EU-EAST,False
677,305,2025-10-29 12:54:20,CANCELLED,NA-WEST,False
678,184,2026-01-01 04:59:01,RETURNED,NA-WEST,False
679,98,2025-11-02 08:39:23,PLACED,NA-WEST,False
680,299,2024-06-12 16:23:29,DELIVERED,NA-WEST,False
681,422,2024-09-05 07:48:18,PLACED,NA-EAST,False
682,334,2025-11-28 01:29:22,DELIVERED,APAC-IN,False
683,,2024-04-11 00:00:00,DELIVERED,APAC-SG,True
684,352,2025-11-11 08:32:33,DELIVERED,NA-EAST,False
685,140,2025-07-22 03:33:29,DELIVERED,EU-EAST,False
686,249,2026-01-09 23:31:14,CANCELLED,NA-WEST,False
687,19,2024-08-04 03:28:31,SHIPPED,APAC-SG,False
688,80,2024-03-18 09:57:43,SHIPPED,EU-WEST,False
689,36,2026-06-05 21:32:16,DELIVERED,APAC-SG,False
690,106,2025-10-28 19:18:32,DELIVERED,APAC-IN,False
691,,2025-10-08 06:19:30,RETURNED,EU-WEST,True
692,205,2024-07-20 00:00:00,PLACED,NA-EAST,False
693,197,2024-06-07 03:12:13,CANCELLED,APAC-SG,False
694,172,2024-05-08 08:54:19,SHIPPED,EU-WEST,False
695,195,2025-01-16 17:58:03,DELIVERED,EU-EAST,False
696,219,2024-08-12 11:41:26,SHIPPED,EU-EAST,False
697,13,2025-10-26 13:55:49,SHIPPED,APAC-SG,False
698,378,2024-05-08 00:00:00,SHIPPED,EU-WEST,False
699,512,2024-08-06 03:53:08,DELIVERED,APAC-IN,False
700,98,2025-07-17 20:48:15,DELIVERED,APAC-SG,False
701,137,2025-07-29 19:35:33,DELIVERED,APAC-SG,False
702,494,2024-06-13 21:05:06,DELIVERED,APAC-IN,False
703,524,2025-02-25 01:26:59,DELIVERED,NA-EAST,False
704,128,2025-06-23 18:42:41,DELIVERED,NA-WEST,False
705,62,2024-09-30 16:26:24,DELIVERED,NA-WEST,False
706,39,2025-03-05 19:40:04,DELIVERED,EU-EAST,False
707,337,2024-09-25 13:50:13,DELIVERED,NA-EAST,False
708,425,2025-05-23 02:23:08,SHIPPED,APAC-SG,False
709,249,2025-01-14 17:25:48,RETURNED,APAC-SG,False
710,228,2025-10-14 14:49:33,SHIPPED,APAC-SG,False
711,,2026-04-03 00:00:00,SHIPPED,APAC-SG,True
712,210,2024-09-12 01:15:12,DELIVERED,NA-WEST,False
713,81,2025-12-23 03:22:19,DELIVERED,APAC-SG,False
714,435,2024-11-30 01:59:32,DELIVERED,APAC-IN,False
715,207,2025-04-27 07:42:16,DELIVERED,EU-WEST,False
716,172,2026-03-02 05:28:14,DELIVERED,APAC-SG,False
717,160,2026-03-19 00:00:00,DELIVERED,NA-EAST,False
718,308,2026-06-13 12:10:52,DELIVERED,EU-WEST,False
719,314,2026-02-03 15:32:58,DELIVERED,EU-EAST,False
720,140,2026-02-27 23:13:27,RETURNED,NA-EAST,False
721,,2026-04-17 19:26:30,DELIVERED,EU-EAST,True
722,405,2025-10-01 15:51:00,DELIVERED,APAC-IN,False
723,40,2024-09-10 08:51:28,DELIVERED,NA-WEST,False
724,262,2025-08-24 11:57:19,DELIVERED,APAC-SG,False
725,60,2025-10-20 14:15:40,DELIVERED,NA-WEST,False
726,371,2024-04-13 21:27:46,DELIVERED,EU-WEST,False
727,151,2025-03-31 00:32:42,DELIVERED,APAC-SG,False
728,13,2024-08-29 08:02:01,DELIVERED,EU-EAST,False
729,83,2026-05-15 12:27:43,CANCELLED,NA-WEST,False
730,259,2025-06-13 11:33:43,DELIVERED,EU-EAST,False
731,422,2024-07-17 01:26:31,DELIVERED,EU-WEST,False
732,276,2025-01-20 11:40:43,DELIVERED,EU-WEST,False
733,,2024-11-17 14:21:29,PLACED,NA-EAST,True
734,428,2026-05-25 12:00:05,DELIVERED,EU-EAST,False
735,384,2024-12-15 13:29:49,SHIPPED,NA-WEST,False
736,113,2026-01-30 01:51:06,SHIPPED,NA-WEST,False
737,188,2024-12-24 01:59:06,RETURNED,EU-EAST,False
738,112,2024-11-14 00:00:00,PLACED,NA-EAST,False
739,351,2024-04-16 02:03:10,DELIVERED,APAC-SG,False
740,10,2024-06-03 20:21:00,RETURNED,APAC-SG,False
741,43,2024-07-29 10:31:33,DELIVERED,EU-EAST,False
742,273,2026-03-25 20:38:24,DELIVERED,EU-EAST,False
743,352,2025-07-03 16:23:42,RETURNED,APAC-SG,False
744,59,2025-09-05 01:43:54,CANCELLED,NA-EAST,False
745,412,2024-10-02 00:00:00,SHIPPED,APAC-IN,False
746,255,2025-09-24 08:03:43,DELIVERED,EU-EAST,False
747,193,2024-03-05 20:39:41,RETURNED,EU-WEST,False
748,,2025-09-11 13:26:18,RETURNED,APAC-SG,True
749,455,2025-02-26 19:41:51,DELIVERED,APAC-IN,False
750,357,2025-12-25 17:52:30,RETURNED,EU-EAST,False
751,103,2025-10-19 20:33:59,SHIPPED,NA-WEST,False
752,517,2024-04-19 07:34:02,DELIVERED,EU-WEST,False
753,479,2024-11-17 01:27:51,RETURNED,EU-EAST,False
754,247,2025-03-14 00:58:09,DELIVERED,APAC-SG,False
755,109,2026-01-05 14:00:04,PLACED,EU-WEST,False
756,288,2025-02-06 08:12:50,DELIVERED,APAC-SG,False
757,140,2026-06-09 09:13:07,DELIVERED,APAC-SG,False
758,230,2024-06-09 10:57:41,DELIVERED,APAC-SG,False
759,391,2026-01-08 19:08:00,SHIPPED,NA-EAST,False
760,115,2024-07-17 11:21:31,DELIVERED,NA-WEST,False
761,119,2025-09-23 06:13:48,DELIVERED,EU-EAST,False
762,2,2025-06-26 00:00:00,DELIVERED,EU-EAST,False
763,328,2025-09-19 01:04:30,RETURNED,NA-WEST,False
764,228,2024-08-13 13:48:40,DELIVERED,EU-EAST,False
765,304,2025-02-04 01:20:29,DELIVERED,APAC-IN,False
766,36,2025-07-11 07:39:37,RETURNED,NA-EAST,False
767,490,2025-01-30 02:04:03,DELIVERED,EU-EAST,False
768,342,2024-10-24 05:09:06,SHIPPED,APAC-SG,False
769,231,2024-05-21 15:48:49,DELIVERED,EU-EAST,False
770,307,2024-11-03 07:09:12,DELIVERED,EU-WEST,False
771,485,2025-08-24 01:49:55,DELIVERED,APAC-IN,False
772,290,2024-12-29 01:33:48,DELIVERED,NA-EAST,False
773,56,2025-06-16 08:42:02,SHIPPED,NA-WEST,False
774,495,2025-05-27 04:18:26,SHIPPED,APAC-SG,False
775,10,2025-09-14 16:45:20,DELIVERED,APAC-SG,False
776,152,2025-10-06 23:01:02,DELIVERED,NA-WEST,False
777,99,2025-09-04 09:07:36,SHIPPED,NA-EAST,False
778,528,2025-08-08 19:39:57,RETURNED,APAC-SG,False
779,251,2024-04-22 19:20:40,DELIVERED,EU-WEST,False
780,177,2025-10-05 02:52:08,RETURNED,APAC-SG,False
781,475,2025-10-15 13:45:17,DELIVERED,EU-WEST,False
782,,2024-08-29 04:11:36,DELIVERED,APAC-SG,True
783,231,2024-04-05 18:29:59,RETURNED,EU-EAST,False
784,97,2024-12-07 07:46:13,RETURNED,APAC-SG,False
785,129,2024-08-02 11:26:19,DELIVERED,APAC-IN,False
786,21,2025-11-02 17:47:57,DELIVERED,APAC-IN,False
787,532,2026-06-16 06:41:50,DELIVERED,NA-EAST,False
788,213,2024-08-30 06:13:58,DELIVERED,NA-WEST,False
789,,2026-01-24 18:03:00,SHIPPED,NA-WEST,True
790,166,2024-07-15 10:12:05,CANCELLED,NA-EAST,False
791,128,2026-04-26 06:34:36,RETURNED,NA-WEST,False
792,1,2025-03-21 18:40:39,RETURNED,APAC-IN,False
793,301,2026-06-08 16:46:50,DELIVERED,APAC-SG,False
794,361,2026-06-15 01:54:14,DELIVERED,APAC-SG,False
795,243,2024-04-27 01:32:27,DELIVERED,NA-WEST,False
796,222,2025-09-09 18:55:10,DELIVERED,EU-EAST,False
797,262,2025-04-09 22:38:51,RETURNED,EU-EAST,False
798,261,2025-12-21 17:56:59,SHIPPED,NA-WEST,False
799,276,2024-12-25 05:40:14,DELIVERED,APAC-SG,False
800,168,2025-12-12 23:02:44,DELIVERED,EU-EAST,False
801,254,2024-06-29 10:19:35,DELIVERED,APAC-SG,False
802,68,2025-07-25 15:20:16,DELIVERED,EU-WEST,False
803,150,2025-02-14 17:08:48,PLACED,NA-WEST,False
804,108,2024-09-08 20:32:38,DELIVERED,EU-WEST,False
805,502,2024-07-27 10:00:36,DELIVERED,EU-WEST,False
806,102,2024-05-14 12:12:03,RETURNED,EU-EAST,False
807,545,2025-11-16 11:55:37,SHIPPED,NA-EAST,False
808,160,2024-09-13 07:21:14,DELIVERED,EU-WEST,False
809,380,2025-03-22 23:33:16,DELIVERED,EU-EAST,False
810,363,2026-02-27 01:07:41,DELIVERED,EU-EAST,False
811,235,2025-06-18 02:12:43,PLACED,EU-WEST,False
812,321,2024-07-19 00:41:05,PLACED,NA-WEST,False
813,170,2024-05-29 04:27:24,DELIVERED,EU-EAST,False
814,11,2025-12-19 15:15:18,RETURNED,NA-WEST,False
815,528,2026-06-06 01:39:32,DELIVERED,APAC-IN,False
816,8,2025-12-21 04:21:43,DELIVERED,NA-WEST,False
817,541,2024-05-05 19:08:43,RETURNED,APAC-SG,False
818,537,2025-02-13 15:09:53,DELIVERED,NA-WEST,False
819,53,2025-12-17 16:13:42,SHIPPED,NA-EAST,False
820,256,2026-06-16 11:50:10,CANCELLED,EU-WEST,False
821,301,2025-04-16 06:37:29,DELIVERED,APAC-IN,False
822,313,2026-05-10 20:18:52,PLACED,EU-EAST,False
823,500,2024-05-29 07:38:00,DELIVERED,EU-WEST,False
824,110,2024-03-09 00:10:13,DELIVERED,EU-EAST,False
825,104,2025-12-30 05:31:49,PLACED,APAC-IN,False
826,421,2024-09-09 09:11:18,PLACED,APAC-SG,False
827,482,2025-11-05 04:02:43,DELIVERED,NA-WEST,False
828,276,2024-08-16 20:26:34,DELIVERED,EU-EAST,False
829,363,2026-01-04 00:00:00,CANCELLED,APAC-SG,False
830,195,2025-05-17 00:00:00,DELIVERED,APAC-SG,False
831,33,2024-11-05 00:52:59,RETURNED,APAC-SG,False
832,122,2025-12-15 03:34:17,DELIVERED,APAC-SG,False
833,333,2025-11-12 04:27:31,RETURNED,EU-EAST,False
834,111,2024-04-02 20:36:41,DELIVERED,NA-EAST,False
835,243,2024-05-20 20:11:08,DELIVERED,APAC-IN,False
836,445,2026-03-16 22:53:35,DELIVERED,EU-EAST,False
837,157,2026-05-04 04:24:09,DELIVERED,NA-EAST,False
838,254,2025-12-27 16:12:16,DELIVERED,NA-EAST,False
839,515,2024-12-07 11:11:15,CANCELLED,APAC-SG,False
840,235,2024-09-04 03:07:07,PLACED,NA-WEST,False
841,437,2024-03-28 10:27:45,PLACED,NA-EAST,False
842,538,2025-06-20 01:07:58,RETURNED,NA-WEST,False
843,491,2024-06-04 07:17:00,DELIVERED,EU-WEST,False
844,373,2025-05-10 19:53:00,DELIVERED,NA-WEST,False
845,49,2024-12-08 00:00:00,PLACED,APAC-SG,False
846,293,2026-03-04 07:36:14,DELIVERED,EU-EAST,False
847,504,2025-09-16 19:17:28,SHIPPED,APAC-SG,False
848,,2024-09-19 10:14:15,DELIVERED,EU-WEST,True
849,542,2025-09-29 05:57:52,DELIVERED,APAC-IN,False
850,109,2024-09-19 16:50:54,DELIVERED,NA-EAST,False
851,196,2024-12-25 16:51:31,RETURNED,NA-EAST,False
852,352,2025-06-12 07:51:19,RETURNED,NA-WEST,False
853,158,2024-05-08 01:23:47,DELIVERED,APAC-SG,False
854,356,2025-09-20 13:55:02,DELIVERED,EU-EAST,False
855,430,2026-05-23 15:17:27,DELIVERED,NA-EAST,False
856,281,2024-09-17 07:01:00,RETURNED,NA-EAST,False
857,195,2025-11-08 11:38:38,DELIVERED,APAC-IN,False
858,170,2026-01-10 00:18:51,DELIVERED,EU-EAST,False
859,279,2025-01-16 10:42:29,SHIPPED,NA-WEST,False
860,10,2026-05-06 14:24:30,DELIVERED,APAC-IN,False
861,226,2025-06-04 09:14:20,DELIVERED,NA-WEST,False
862,547,2025-03-06 01:21:54,DELIVERED,EU-WEST,False
863,277,2024-05-20 00:48:13,SHIPPED,NA-WEST,False
864,2,2025-08-22 18:19:06,RETURNED,EU-WEST,False
865,271,2024-09-24 13:24:05,DELIVERED,EU-WEST,False
866,11,2025-09-04 05:22:21,RETURNED,NA-WEST,False
867,17,2026-06-13 19:18:09,CANCELLED,APAC-IN,False
868,392,2025-04-04 18:31:23,DELIVERED,APAC-IN,False
869,453,2025-02-06 18:01:10,SHIPPED,APAC-SG,False
870,405,2024-10-28 18:44:05,DELIVERED,EU-EAST,False
871,491,2024-07-24 13:03:21,DELIVERED,NA-WEST,False
872,503,2024-12-06 06:02:49,PLACED,NA-WEST,False
873,404,2024-12-17 00:00:00,PLACED,NA-WEST,False
874,413,2024-08-03 16:59:12,SHIPPED,NA-EAST,False
875,387,2025-10-18 00:00:00,CANCELLED,APAC-SG,False
876,136,2025-03-21 18:53:45,DELIVERED,APAC-SG,False
877,10,2024-08-13 04:36:11,CANCELLED,APAC-SG,False
878,143,2026-03-17 07:33:29,CANCELLED,NA-WEST,False
879,491,2024-10-27 00:40:27,DELIVERED,EU-WEST,False
880,127,2024-04-02 22:41:16,SHIPPED,EU-WEST,False
881,426,2024-10-07 00:00:00,SHIPPED,NA-WEST,False
882,151,2025-08-31 20:20:53,SHIPPED,APAC-SG,False
883,116,2026-04-04 00:24:00,SHIPPED,NA-EAST,False
884,289,2025-09-07 00:00:00,DELIVERED,EU-WEST,False
885,87,2024-05-07 08:05:13,SHIPPED,APAC-IN,False
886,186,2025-12-21 14:15:57,DELIVERED,EU-WEST,False
887,294,2025-08-24 04:45:34,DELIVERED,EU-EAST,False
888,272,2024-06-27 15:15:39,CANCELLED,NA-WEST,False
889,151,2025-07-11 12:00:33,DELIVERED,EU-EAST,False
890,116,2025-12-25 00:36:31,DELIVERED,NA-EAST,False
891,131,2024-12-08 12:41:31,DELIVERED,EU-EAST,False
892,424,2025-08-01 00:28:54,RETURNED,NA-WEST,False
893,510,2026-06-15 21:57:10,DELIVERED,NA-WEST,False
894,432,2026-05-28 13:58:07,DELIVERED,APAC-SG,False
895,90,2025-03-01 08:37:59,SHIPPED,NA-EAST,False
896,486,2024-09-24 12:41:45,PLACED,EU-WEST,False
897,143,2025-06-01 19:06:40,CANCELLED,APAC-IN,False
898,432,2025-03-12 16:57:31,SHIPPED,APAC-SG,False
899,147,2025-10-08 08:45:28,DELIVERED,EU-EAST,False
900,109,2024-06-23 14:21:21,DELIVERED,NA-WEST,False
