item_id,order_id,product_id,quantity,unit_price,discount_percent
545,205,256,4,373.46,26
469,175,85,4,635.89,0
1309,529,118,1,706.17,13
696,269,79,1,1553.86,0
1766,719,92,2,524.72,0
118,43,167,3,253.73,0
1159,468,446,5,316.49,0
1847,749,517,5,1949.66,4
1291,522,204,4,899.53,0
1865,755,13,5,691.94,0
1345,544,520,2,331.86,35
206,75,518,3,834.14,0
449,168,158,2,1298.28,0
1198,487,341,5,686.9,8
624,236,417,3,71.24,5
128,47,367,2,1004.52,10
240,92,298,3,822.71,0
2134,865,138,4,421.56,37
1432,576,388,5,803.67,0
907,358,208,4,1380.18,0
909,359,244,4,761.13,0
2011,813,412,3,889.82,3
885,348,375,2,843.59,7
733,286,42,2,432.68,0
440,166,304,4,1187.58,0
1573,636,124,5,276.54,0
1188,484,260,1,598.08,20
934,368,463,3,446.61,12
1034,413,204,3,1594.58,0
83,30,82,1,1047.89,0
831,326,330,2,1059.0,0
53,18,34,4,284.43,0
651,251,69,2,1152.56,0
1647,667,363,2,762.27,0
1321,533,347,-2,776.25,0
1069,428,406,3,230.45,38
896,353,279,2,573.67,1
324,123,392,5,438.65,0
1421,571,378,3,772.98,0
1557,630,201,1,748.6,29
867,339,232,2,908.58,0
2215,898,208,3,1698.24,6
607,228,164,4,1002.0,19
1584,641,298,5,835.03,0
1531,620,72,-5,111.15,28
1025,410,342,2,107.3,0
7,4,233,5,992.03,0
862,338,131,5,655.22,7
705,272,258,1,662.01,20
346,130,333,4,905.79,0
1843,747,15,5,593.4,14
1422,571,87,2,1579.35,0
188,70,271,5,411.26,2
2145,869,59,2,278.33,0
102,37,255,1,687.95,0
1497,604,18,3,1132.96,0
1656,671,342,3,101.52,8
1877,758,317,2,470.49,3
2213,896,156,4,19.2,7
1083,432,429,2,222.32,68
708,274,252,2,950.73,0
702,272,478,5,1036.64,31
792,311,284,3,86.2,0
231,87,238,4,1037.96,0
434,163,97,4,130.89,25
975,385,139,5,451.36,0
109,40,254,3,1098.86,0
1065,425,508,1,614.69,15
715,276,449,4,1550.7,20
375,140,327,5,1252.18,5
811,319,349,2,1432.41,9
1169,472,61,4,1511.29,0
738,287,509,2,1024.46,1
1813,736,327,5,819.29,0
1801,732,93,3,674.26,0
560,211,125,4,1118.87,86
1892,764,216,1,683.59,0
2211,896,93,1,855.56,0
992,391,366,3,837.98,39
2169,879,360,1,324.73,1
2070,836,438,2,1029.0,0
296,113,103,3,1429.29,16
1553,627,104,5,344.8,0
1396,562,171,5,400.19,0
2167,878,397,3,901.64,0
556,210,86,5,1557.92,14
1659,672,313,5,81.8,0
6,4,314,2,591.52,0
1611,652,110,3,705.42,0
597,225,66,3,477.68,0
1980,798,305,2,656.37,0
1276,518,329,3,1693.28,11
2177,882,266,3,596.16,59
1846,748,17,4,1136.73,0
646,249,397,5,689.68,0
1338,541,155,1,1036.9,0
960,378,348,1,487.21,16
2075,839,398,3,110.32,0
1282,519,221,4,1607.36,15
63,23,462,1,484.82,8
1862,754,239,5,531.31,3
1943,783,452,2,1155.01,26
1603,648,343,3,498.96,6
2094,847,210,4,359.77,7
1784,726,123,4,1007.68,5
1228,501,379,5,286.42,13
292,111,364,5,1191.34,5
1852,750,26,2,1000.6,35
789,310,255,2,454.37,4
2059,833,349,3,1688.68,0
135,49,69,-4,1202.82,0
1163,469,373,3,238.0,1
710,275,80,2,916.52,1
2139,867,246,4,1018.88,0
925,365,275,2,916.94,0
369,138,458,5,634.44,13
155,57,195,3,748.77,0
1772,720,375,1,928.67,0
1819,739,41,3,665.11,7
2119,857,8,2,771.72,30
537,202,422,5,1074.2,0
1889,763,329,4,1320.15,73
293,112,224,1,957.69,0
281,106,485,1,127.11,15
1664,675,455,2,900.46,26
1996,806,310,5,1889.49,0
1023,409,283,5,425.23,0
283,107,413,2,603.17,0
1189,484,249,3,1012.8,15
271,104,395,2,298.75,0
31,13,64,2,880.73,0
1438,578,380,5,520.46,39
927,366,39,5,1122.58,12
793,311,116,2,723.99,27
1782,726,247,5,500.71,84
373,140,101,5,691.52,0
380,142,199,2,9.21,0
238,90,212,1,130.56,0
347,130,256,2,466.29,0
1894,765,101,1,642.88,35
1071,429,185,4,925.45,15
1798,731,475,4,1527.68,5
772,302,43,5,1232.03,19
285,108,475,1,977.19,0
1097,438,462,4,334.17,0
1660,673,188,3,199.18,11
842,331,18,3,1296.55,31
2022,817,40,2,271.37,0
474,176,191,2,796.65,20
2187,885,298,4,1165.82,0
463,173,325,1,1000.56,0
1269,516,108,5,75.78,11
904,356,378,4,1330.95,0
327,124,264,2,578.13,0
667,256,346,3,663.34,0
1089,435,270,2,239.06,0
403,149,463,-1,496.98,0
1845,748,258,2,435.14,32
2180,883,418,3,971.22,0
445,167,232,4,792.35,0
408,151,28,1,47.52,8
905,357,69,1,1218.12,45
1388,560,10,4,1409.03,0
1668,677,182,1,406.9,0
1091,435,436,5,1172.58,0
971,384,209,-3,822.73,8
1114,447,218,2,735.83,0
1431,576,454,5,264.84,0
737,287,99,4,738.29,0
1972,794,230,2,276.58,13
604,227,425,2,710.19,1
299,114,520,4,288.58,0
1610,651,212,1,225.89,11
1790,728,185,3,1170.07,16
1061,424,219,4,329.66,0
400,148,62,1,430.79,0
250,96,407,1,475.1,0
208,76,465,1,486.5,0
1874,758,372,1,1384.48,5
653,253,12,1,66.9,16
1129,456,484,5,936.9,0
619,234,492,1,1332.85,0
1945,784,444,1,712.59,10
241,92,166,1,951.53,0
1758,715,7,4,146.1,8
74,27,361,1,662.4,6
1770,720,278,-4,312.37,23
1948,786,184,4,627.68,0
459,172,30,3,1203.94,0
450,169,91,5,1039.47,37
1145,462,6,3,681.58,0
1658,672,372,2,1602.44,0
1994,806,514,5,184.35,0
222,82,456,4,813.5,3
2051,830,28,3,55.4,15
170,63,59,2,331.44,6
1030,412,242,-5,129.58,12
422,159,451,4,1232.35,3
1141,461,327,-5,1083.55,0
1896,765,28,2,56.0,23
152,56,137,5,200.33,81
1932,779,113,5,358.21,0
237,90,171,1,624.65,6
407,150,152,2,1043.71,23
29,12,478,5,1545.83,0
1462,588,263,1,120.07,12
1987,802,200,2,710.77,4
357,133,150,3,410.58,0
2109,854,450,2,905.33,39
578,218,163,5,28.53,0
1881,760,302,4,261.05,10
1587,641,237,3,1107.18,39
2017,815,42,5,331.57,3
1726,699,484,3,675.34,13
1473,593,520,4,337.11,63
1458,587,246,3,989.76,0
1075,430,322,5,902.08,0
243,93,309,4,414.24,0
1280,519,38,2,480.15,0
482,179,7,5,284.81,0
746,290,461,4,1071.68,0
2108,853,106,5,530.59,34
1301,526,337,5,462.93,32
1397,563,368,1,568.99,9
87,32,277,1,831.82,34
1851,750,401,5,608.65,5
1122,453,379,-3,324.61,7
1045,419,12,1,62.05,0
121,44,89,2,553.75,0
620,235,208,2,1289.25,36
1944,784,235,5,1198.88,13
1342,543,392,1,761.64,0
421,158,16,3,410.34,0
2200,890,229,4,1258.32,14
1891,764,415,1,697.47,0
1492,601,96,1,494.95,19
1700,687,442,2,565.52,11
1404,565,443,5,811.12,0
444,167,73,2,837.9,0
167,62,494,1,1205.15,0
68,26,198,3,999.34,0
2077,840,66,2,665.64,28
186,69,479,3,176.47,0
916,361,430,4,1551.86,0
84,30,321,1,1082.68,0
845,332,249,3,871.12,4
996,394,426,2,177.52,0
526,198,461,2,767.89,5
601,226,159,2,386.27,0
230,87,308,3,437.35,0
1803,733,507,-4,1645.66,0
1475,594,220,1,1161.05,2
200,74,80,5,980.87,0
969,382,224,1,1017.24,15
1628,657,340,3,1190.5,1
223,83,81,3,586.99,8
2003,809,245,1,968.31,0
1351,545,138,2,349.36,0
1652,669,96,4,472.56,11
1118,451,88,4,728.33,0
1334,539,261,2,512.02,34
970,383,61,4,1684.37,0
1869,756,307,3,1394.59,9
1066,426,265,5,509.78,28
1990,803,103,5,1287.0,5
1088,434,7,3,256.07,0
333,127,216,4,652.93,2
1268,516,283,4,385.17,0
1735,703,151,5,666.94,27
538,203,67,-1,972.56,17
50,18,248,-1,1749.14,14
1575,637,405,4,680.58,0
483,179,55,2,1093.74,89
2146,869,203,1,546.65,0
2035,823,22,5,1001.15,0
1354,546,158,5,898.7,12
485,180,397,2,662.29,5
988,390,134,4,1077.95,15
1856,752,331,3,1147.85,0
1810,735,356,4,1663.73,6
2116,856,5,4,536.55,0
1162,469,82,2,622.76,0
1157,467,71,5,12.26,6
2172,880,475,2,902.6,32
1833,744,371,3,956.35,8
1248,508,65,1,1129.21,0
910,359,326,1,70.64,0
541,204,155,2,722.7,19
1850,749,514,5,226.18,8
1220,495,427,2,1049.19,0
1859,752,506,3,189.47,0
872,342,396,2,344.97,47
1567,634,79,5,1270.2,13
204,75,82,2,985.43,3
2173,880,51,1,620.09,13
312,119,268,1,936.63,0
1200,487,321,2,953.91,0
2185,885,483,2,1569.79,7
1164,469,407,1,662.49,47
1124,454,95,2,566.53,0
1677,680,102,5,79.31,0
1824,741,507,-5,1387.55,0
72,27,420,-4,750.98,0
2093,846,13,5,515.84,90
753,295,229,5,868.8,0
2144,869,208,3,1662.59,15
2021,817,95,4,636.52,0
1208,490,284,2,66.31,0
822,324,21,4,252.2,8
648,250,136,5,523.91,0
1172,473,505,1,885.38,14
2062,834,297,3,782.04,0
1096,437,79,5,1511.36,8
1867,755,68,5,432.27,0
416,154,308,-5,446.14,3
88,32,175,4,233.52,9
22,10,92,2,655.75,17
659,254,253,4,286.22,12
1022,409,370,3,1194.93,0
876,344,298,4,914.46,4
1542,624,188,5,168.38,0
1995,806,338,4,148.05,19
179,67,455,4,1320.62,0
2061,834,386,3,179.77,13
961,379,41,1,752.6,11
932,368,192,4,869.25,33
55,19,130,5,495.32,0
480,178,283,2,412.15,0
2080,841,267,-3,210.57,0
1520,614,436,2,798.21,0
716,277,394,3,781.57,0
2038,825,307,5,882.66,0
757,296,441,3,1772.67,15
1548,626,150,4,476.35,3
2090,846,500,4,1370.7,20
388,145,221,4,938.6,4
70,26,178,3,21.38,0
1786,727,82,1,939.88,0
71,26,203,3,560.15,30
553,209,470,4,335.15,6
439,165,163,2,51.28,0
1665,675,41,5,683.68,0
490,182,177,2,212.15,0
1385,559,359,5,1483.53,0
2107,853,496,4,848.52,68
21,10,362,2,605.53,24
1699,687,520,5,387.05,0
2125,859,9,4,309.33,0
300,114,111,5,19.8,0
1952,787,492,4,830.45,0
500,186,329,3,1523.88,5
557,210,461,3,901.98,81
214,79,138,5,478.29,0
140,51,436,4,1041.86,10
1638,663,130,3,523.33,15
1407,566,311,5,168.97,0
1775,722,409,1,1139.73,0
1341,542,398,3,84.6,0
1741,707,354,5,878.27,0
709,275,444,5,672.93,0
1616,653,408,4,1072.27,92
476,177,108,5,92.81,0
1897,765,501,5,335.94,25
124,46,205,2,535.36,5
640,245,360,4,294.46,0
1878,759,386,4,184.59,0
547,207,329,1,1699.68,16
1739,705,263,2,153.02,3
1010,402,28,5,36.0,0
401,149,284,3,101.5,6
154,56,201,5,446.83,87
605,228,384,2,1163.09,0
1579,638,454,4,158.16,6
432,162,262,4,339.26,0
1020,408,32,3,254.21,0
591,222,26,2,891.59,3
2157,873,459,1,101.83,0
325,124,23,4,913.32,10
1781,725,99,3,588.15,0
466,174,164,3,1413.68,0
1914,772,168,3,385.94,12
931,368,201,3,449.54,10
1922,776,129,3,1879.71,0
1757,715,298,2,1141.35,0
1117,450,296,1,391.67,0
1621,655,116,3,731.0,6
291,111,502,4,423.11,0
25,11,86,1,1069.05,0
598,226,64,5,854.34,8
614,231,293,3,186.47,0
1970,793,297,3,711.1,36
1138,460,99,1,718.83,15
1193,485,237,2,1039.71,8
495,184,185,4,1259.63,0
1612,652,434,5,202.16,27
396,147,70,3,982.67,1
779,305,305,5,413.26,0
111,41,116,4,1071.73,0
382,143,176,5,883.95,13
1951,787,419,3,581.86,0
431,161,15,1,938.86,62
406,150,194,2,493.07,0
1326,536,59,2,506.08,0
1415,568,321,2,917.72,0
75,28,239,3,414.36,2
1107,444,110,5,570.12,0
758,297,206,4,1441.02,0
1561,633,120,1,1002.23,0
1861,754,18,1,1138.39,0
1650,669,135,5,1015.26,5
2030,821,229,1,841.01,0
1292,523,229,3,1200.44,0
1997,807,102,2,87.46,0
1761,716,151,2,523.82,0
389,145,516,5,1731.54,0
44,16,117,4,936.99,19
1921,775,262,5,346.77,8
99,36,87,2,1340.74,10
943,372,183,2,791.67,0
203,75,371,1,1428.53,10
778,304,96,1,418.51,14
698,270,176,5,549.42,0
1787,727,455,2,1311.01,0
1598,646,471,3,372.96,0
259,99,409,2,1716.85,0
1763,717,318,-4,646.79,0
1984,800,420,4,645.9,0
1033,413,67,4,848.55,14
1265,515,415,2,813.22,6
26,11,424,1,113.38,0
748,292,217,3,823.21,12
2184,884,440,5,328.55,0
2086,844,294,3,1570.79,0
935,369,1,2,1082.8,16
1376,556,254,4,1251.51,0
1015,406,381,2,377.04,19
1643,666,132,3,175.34,0
1696,686,346,4,718.72,0
775,303,436,3,977.53,0
1566,634,124,1,275.72,37
808,317,106,5,542.32,0
1221,496,262,4,453.21,12
1999,807,508,5,583.23,0
1983,799,113,2,412.19,7
1353,546,475,4,1529.28,10
184,69,167,2,195.49,0
1624,656,231,1,1718.18,0
731,285,3,4,177.17,14
2158,873,516,1,1281.41,14
2191,887,277,2,443.48,7
524,198,290,4,1069.82,30
1306,528,39,1,1048.58,0
1785,726,115,1,1163.53,40
1084,432,345,4,1334.26,0
1778,723,212,4,184.07,71
937,369,191,5,993.26,3
1464,588,423,1,895.59,1
1913,771,240,2,661.8,9
253,98,6,5,1102.86,4
317,120,485,5,131.54,0
950,375,208,2,1701.22,14
405,150,157,2,595.99,0
812,320,502,2,441.79,2
514,192,294,1,985.18,0
384,143,161,3,952.96,0
769,302,330,1,567.84,16
62,23,322,-3,938.53,36
747,291,370,3,1170.02,1
1196,486,70,5,850.1,0
228,85,192,-2,591.54,9
593,224,18,3,1069.03,6
1361,549,510,4,647.02,0
1838,746,73,5,1524.42,12
1027,411,448,1,1553.75,0
1863,754,326,1,82.77,6
2174,880,239,5,548.13,0
982,388,328,4,126.96,5
507,189,298,2,1272.23,1
1453,585,250,2,19.91,28
1767,719,495,3,1326.97,0
1483,597,487,4,423.8,0
1323,535,439,4,1334.25,8
609,229,306,2,716.26,0
235,88,119,3,1256.69,0
1092,435,78,3,285.84,3
744,290,408,5,705.5,0
141,51,152,5,1759.29,20
251,97,413,5,749.67,0
892,351,31,5,443.35,36
806,316,390,2,1025.62,7
258,99,429,5,299.4,3
1498,604,279,-5,799.1,0
596,225,509,1,645.88,0
1797,730,380,2,347.97,0
736,287,162,4,930.37,9
552,209,280,3,1158.63,95
1156,467,188,4,142.65,0
1440,579,141,3,127.43,0
351,131,473,4,68.96,7
177,66,209,-1,1330.27,0
460,172,468,4,1140.4,13
1364,551,184,5,1074.11,39
245,95,199,5,7.92,0
1623,656,225,1,1453.11,0
1985,801,114,1,88.39,0
815,321,358,2,328.74,0
949,374,89,3,608.57,0
1634,661,232,4,1147.81,13
2015,815,185,1,733.18,11
1343,543,197,1,1411.91,8
579,218,347,3,1106.95,0
695,268,301,2,464.82,0
487,180,391,1,1156.18,24
1242,507,266,1,499.67,36
288,110,318,2,462.37,0
276,105,392,1,418.84,0
1170,472,11,2,977.93,15
225,83,77,5,552.36,36
2148,870,344,1,382.19,10
286,109,174,1,251.16,0
1262,514,265,2,530.64,3
19,8,348,4,338.23,25
1953,787,38,2,366.09,26
508,190,433,3,758.94,0
420,157,148,4,626.89,0
1715,694,151,1,609.93,0
1418,570,355,3,938.66,0
306,117,397,2,1112.74,40
438,165,384,1,1536.49,35
930,367,346,1,581.11,0
1504,607,114,5,90.06,28
1607,650,462,2,252.94,16
448,168,466,1,1789.4,0
669,257,143,1,1542.24,11
1900,767,347,2,979.42,0
955,377,135,3,1128.53,26
1394,562,324,5,1338.37,21
224,83,228,1,515.27,0
906,357,270,2,149.87,0
2,2,187,2,761.96,5
1365,551,77,5,508.09,18
539,204,366,2,763.15,26
1266,515,59,4,500.36,39
1565,634,10,2,1156.01,6
377,141,337,5,492.41,0
2047,829,186,3,202.95,0
153,56,205,1,826.49,15
665,256,141,3,213.1,14
1401,564,15,4,788.88,0
1212,492,230,1,379.15,17
1875,758,375,-2,1145.31,12
414,154,67,2,531.6,0
1816,737,472,5,590.0,13
1340,542,505,3,805.6,0
262,100,11,2,770.71,6
959,378,287,5,1182.95,0
1537,621,92,3,570.52,0
2103,851,349,4,1104.29,0
2196,888,143,1,996.1,0
1939,782,388,1,1161.03,0
1673,679,334,1,262.4,0
58,21,388,1,1265.44,81
899,354,50,1,615.29,0
486,180,418,3,942.05,0
1335,539,520,2,243.85,0
1804,733,54,2,416.72,0
2210,895,429,2,292.79,0
246,95,320,5,881.01,2
2205,892,436,1,1069.55,0
1709,691,93,5,742.35,0
2120,857,484,5,1045.89,0
239,91,51,5,826.72,33
2175,881,122,4,183.08,0
814,321,438,-5,1105.27,3
1630,659,244,3,736.06,23
1215,493,208,1,881.15,1
1182,481,513,3,277.3,0
1631,659,34,3,303.5,0
1794,729,445,2,1550.21,3
2028,820,338,4,127.95,15
2079,841,421,3,1507.39,1
1205,489,113,4,476.61,0
252,97,485,4,100.48,3
1946,784,493,3,848.54,0
2149,870,286,1,322.95,0
1993,805,75,5,806.49,3
125,46,257,4,130.27,0
1357,548,116,4,988.03,0
213,79,489,5,1135.96,0
1275,518,217,3,454.52,0
1463,588,71,2,12.6,25
220,81,99,5,445.39,0
16,7,96,2,603.76,11
1691,685,240,3,660.76,6
82,30,410,4,67.84,30
458,171,98,1,238.2,0
1177,478,227,3,28.0,0
494,184,358,5,540.34,37
287,110,136,1,490.96,0
1406,565,54,2,560.83,0
1430,575,365,4,200.02,0
1178,479,383,2,470.66,67
799,314,277,2,687.28,0
1070,428,451,3,799.29,0
1302,527,103,1,1867.77,0
645,249,6,2,566.47,23
805,316,99,5,465.21,0
142,51,29,4,833.94,32
817,322,138,2,495.38,0
1390,561,315,5,36.9,0
857,336,50,3,604.75,0
917,361,176,2,819.95,15
1771,720,402,1,63.89,0
1651,669,158,5,1217.27,12
1839,746,290,5,1375.96,0
436,164,146,1,569.59,0
356,133,107,3,194.04,15
1931,778,500,4,1197.86,20
454,170,287,5,1235.73,32
523,197,391,1,688.23,11
2176,881,17,2,1109.95,15
1161,468,440,4,496.41,7
1121,453,4,3,1186.23,28
1754,713,379,4,362.93,0
851,333,298,5,1330.22,0
893,351,151,-2,659.2,19
883,348,303,-3,253.18,5
1235,503,14,3,494.3,0
363,135,29,5,568.02,0
338,128,385,5,1831.48,88
1835,745,381,4,300.79,0
1857,752,336,1,408.27,32
2163,876,475,3,1123.03,0
1468,591,508,5,527.97,13
2007,811,353,2,1183.09,12
2179,883,377,1,657.88,8
1780,724,289,2,413.49,0
1454,586,211,4,1142.91,0
962,380,75,2,1206.01,0
515,193,70,2,761.08,12
995,394,6,4,943.1,79
264,101,359,4,1217.1,40
1241,506,124,2,478.92,0
594,224,127,4,843.81,6
884,348,149,2,1308.97,2
780,306,96,2,653.13,16
1081,432,134,3,763.59,0
1541,623,504,5,1709.15,13
270,104,387,3,691.87,0
489,181,5,3,343.92,0
1131,457,185,2,1476.91,3
1751,712,34,1,490.82,11
951,375,110,5,672.52,0
14,6,323,5,858.14,3
2183,884,362,2,768.04,29
1704,688,143,1,1135.36,0
853,334,183,3,832.46,0
1964,791,238,4,1175.03,0
1930,778,432,5,63.35,0
295,112,268,1,1264.61,0
1267,515,387,2,876.42,0
1961,790,439,4,1373.52,4
1428,574,324,3,1017.96,29
1150,464,322,3,1493.34,11
1519,614,85,5,874.37,29
724,281,255,2,638.07,9
151,56,387,3,893.77,0
770,302,378,3,1339.71,0
658,254,169,3,532.58,0
525,198,397,2,1079.31,4
340,128,388,3,1081.05,11
1373,554,176,5,633.5,32
1825,741,73,3,840.59,17
343,129,507,4,1166.19,7
1408,566,259,4,1230.08,0
1098,439,502,1,428.4,0
359,134,144,3,783.24,11
1885,762,324,5,1033.47,8
149,55,394,1,950.51,0
1844,748,234,1,523.63,8
1090,435,169,4,758.0,0
2162,875,436,2,1047.93,0
196,73,482,2,1075.67,0
261,100,486,3,649.9,2
2130,861,387,2,564.25,0
506,189,120,1,1141.38,52
762,299,184,3,957.06,13
1019,407,461,-5,597.5,0
1600,647,148,2,505.55,15
890,350,179,3,1066.26,48
861,338,115,4,1132.98,0
1296,524,306,3,739.13,0
990,391,216,1,441.77,0
48,17,217,4,805.94,0
1038,416,472,5,341.26,0
728,283,122,4,229.49,0
1305,528,129,-2,1199.15,0
2165,877,489,5,1325.75,0
51,18,5,3,680.88,76
1822,740,187,5,757.35,1
1721,698,307,1,1294.24,62
565,214,247,3,517.64,31
855,335,364,2,1236.25,2
133,48,277,2,575.04,0
505,188,46,2,503.05,16
1795,729,9,1,212.29,0
1379,558,334,4,240.69,7
2153,871,249,1,1477.36,18
1277,518,462,4,417.85,0
678,262,274,2,513.07,0
1768,719,245,3,745.28,19
1840,747,36,3,1674.06,0
1134,458,16,2,689.98,0
903,356,52,4,435.43,6
2204,891,33,3,1171.6,7
1576,638,484,3,912.84,23
89,32,142,4,804.86,0
587,220,503,5,1129.34,6
972,384,475,4,1064.05,0
1312,531,188,2,208.87,0
1048,420,170,1,416.88,0
2216,899,161,5,566.55,0
1330,538,508,1,648.72,0
32,13,371,2,899.25,18
150,55,431,3,1754.24,0
1608,650,60,5,859.49,0
1868,756,504,4,1721.2,0
634,242,99,-1,485.48,4
391,146,287,1,1497.4,2
1555,629,356,1,1926.15,18
1384,559,307,4,1687.17,7
1883,761,226,1,627.23,16
1158,468,280,4,1354.07,0
1551,627,91,5,650.28,0
512,192,408,3,754.91,19
649,251,447,1,1156.6,0
1488,600,202,1,416.48,0
1127,455,302,4,223.01,0
1147,463,61,5,860.65,30
129,47,480,3,990.97,0
1725,699,176,5,549.4,0
1471,591,4,-2,1195.93,76
785,307,245,2,863.42,7
1823,740,23,2,584.29,0
415,154,445,3,1862.18,0
127,47,516,1,1228.57,20
1132,457,372,3,1936.89,34
257,99,144,3,1389.79,12
681,263,128,2,755.57,11
164,61,278,1,369.91,0
136,50,496,5,1173.41,0
1093,436,516,3,1531.61,5
1173,474,363,5,934.86,15
745,290,332,4,1028.76,1
1570,636,258,5,491.95,17
825,325,139,5,512.65,9
1250,509,127,2,832.65,0
1139,460,149,3,742.18,0
2040,826,491,4,1163.06,21
2218,900,479,2,265.39,0
1175,476,209,5,907.7,0
947,373,333,5,890.05,0
1481,596,278,4,318.71,11
1680,682,177,3,211.85,0
1717,696,146,1,468.55,0
1601,647,490,4,440.94,11
24,11,383,5,646.39,80
1051,421,342,3,115.21,10
752,295,323,4,899.8,0
1572,636,503,1,1548.24,27
1467,590,270,3,239.97,10
1120,452,36,1,1647.51,1
1391,561,510,5,950.55,0
1966,792,308,3,557.4,13
882,348,92,5,648.92,4
1086,434,398,-5,114.12,9
1639,664,121,2,1012.15,0
2212,896,299,2,317.08,0
613,231,492,2,914.14,11
809,318,263,1,155.61,36
801,314,492,-4,1055.11,19
2089,845,25,1,1345.14,5
101,37,52,1,517.48,0
2111,854,207,5,365.76,0
612,231,504,1,1699.94,5
189,70,184,3,772.59,0
800,314,165,3,559.45,5
1977,796,510,1,642.78,0
1106,444,462,1,398.11,0
2195,888,67,2,814.41,0
334,127,175,3,245.22,0
313,119,432,5,87.27,82
1062,424,487,5,326.81,38
244,94,517,-4,1719.89,0
1036,415,216,5,381.38,0
725,281,476,4,604.97,0
1533,620,336,1,418.93,0
2106,852,159,4,489.84,7
2161,875,189,4,1032.21,12
328,124,82,5,860.32,0
2128,861,304,3,1342.56,49
787,308,353,5,1027.76,7
2098,848,260,3,462.16,0
921,362,439,4,773.01,0
1395,562,11,1,560.63,0
629,238,430,1,1414.22,0
1194,485,247,1,543.78,0
418,156,186,1,104.85,4
1021,408,111,1,22.42,46
1031,412,70,1,901.04,1
49,17,229,3,1045.86,0
2005,810,357,3,451.07,0
730,284,154,5,1260.27,0
1933,780,391,5,1078.55,0
1728,700,84,-2,1422.08,13
880,347,413,5,653.67,37
2147,869,241,1,903.64,0
2126,860,487,1,403.15,0
11,5,381,2,609.93,77
304,116,190,-3,236.3,2
2201,890,198,3,1363.37,25
61,22,80,1,903.57,11
1928,778,434,3,128.59,0
40,15,461,4,663.27,77
229,86,429,3,312.93,0
329,125,417,-2,74.99,0
852,334,513,3,324.07,8
1890,764,172,3,1202.33,32
979,386,65,2,1504.46,26
2190,886,370,5,1255.25,39
1310,530,71,3,7.81,0
657,254,75,3,1207.5,0
341,129,231,3,1390.91,0
86,31,196,1,809.96,2
1635,662,199,2,7.87,0
202,74,516,3,1131.58,0
91,33,80,4,600.12,0
2208,894,447,4,792.44,1
1459,587,500,5,932.88,0
846,332,159,3,548.11,0
2008,811,346,5,858.32,32
303,116,83,2,406.07,37
198,73,32,3,238.69,10
484,179,367,-2,1435.19,0
159,58,162,3,1087.59,14
1991,803,289,1,357.46,36
1472,592,393,3,501.25,22
65,23,185,1,1332.64,27
869,340,302,3,278.09,7
105,38,489,2,995.67,0
1332,538,267,4,198.94,0
1465,589,139,4,409.99,0
1363,551,149,-2,1164.36,1
1524,617,415,2,537.52,20
1653,670,241,5,772.55,19
2132,863,343,4,636.92,2
1056,422,440,2,403.53,12
1505,608,320,1,837.1,76
1625,657,430,2,1050.04,63
1233,502,66,5,479.02,0
2034,823,314,5,720.71,6
1004,400,294,-2,1666.4,0
161,59,59,4,345.72,0
320,121,436,1,969.03,0
1925,777,120,-1,1384.99,0
1078,431,510,3,733.66,0
622,235,25,1,838.95,0
2088,845,470,2,295.67,0
131,48,87,1,1524.73,0
266,102,157,5,983.14,34
1906,769,157,4,799.37,33
1563,633,110,3,601.45,13
265,102,80,1,771.18,0
1935,780,365,5,341.3,0
1253,510,353,2,1533.22,13
1308,529,140,5,325.23,36
1167,471,399,3,1907.68,0
1736,703,122,4,364.7,0
750,293,466,5,1441.89,0
1446,583,108,4,104.66,0
784,307,174,-4,279.89,5
1733,702,385,4,1717.79,0
561,211,58,5,1381.68,37
2043,827,309,1,497.07,0
1485,597,400,3,1232.23,0
1466,590,105,3,981.99,0
546,206,182,2,484.92,48
1227,500,81,3,677.33,64
226,84,252,2,924.65,0
1648,668,103,3,1715.7,30
1244,507,511,4,400.1,0
1903,768,451,5,693.64,0
1924,777,192,4,624.9,0
940,370,258,5,667.65,23
1679,682,194,1,317.76,0
1864,754,482,5,1689.07,0
777,304,190,3,271.01,0
1759,715,318,1,732.19,0
1474,594,240,4,914.39,0
1674,680,307,4,1639.15,5
114,41,152,4,1728.53,3
1523,616,13,4,917.36,0
1740,706,394,4,1530.44,0
532,201,145,3,1893.07,0
2142,868,22,1,1223.86,0
1286,521,291,1,81.77,0
339,128,135,5,1042.08,0
1484,597,155,2,687.51,0
568,215,68,4,800.6,6
1586,641,251,2,1342.67,95
2001,808,219,4,373.53,28
813,321,1,3,989.66,0
1348,544,321,2,841.86,29
908,358,354,2,480.27,0
723,280,286,3,330.66,0
311,119,36,2,1399.1,0
536,202,155,3,1204.01,0
592,223,281,4,1210.67,8
829,326,433,1,1381.08,16
1109,445,159,4,364.83,0
1614,652,59,2,527.25,0
827,325,185,2,1355.64,12
1609,651,467,2,767.68,0
898,353,31,4,340.04,11
1712,693,66,5,350.36,0
1008,402,134,3,1048.07,0
1287,521,492,4,864.36,34
564,213,78,5,347.66,0
1409,566,135,1,1064.56,19
1509,609,131,3,745.0,0
1515,612,416,-1,1469.47,14
1018,407,103,4,1814.78,8
654,253,381,2,374.6,8
1870,756,15,-4,975.59,5
985,389,120,5,1045.76,0
1605,649,205,4,810.52,6
2046,828,289,2,393.13,13
2155,873,510,3,546.54,0
216,80,183,2,621.19,0
1043,418,456,3,1337.54,69
81,29,176,4,967.5,0
835,328,88,1,594.22,0
1806,733,418,1,1095.65,2
326,124,189,5,837.68,13
791,311,224,3,709.88,0
429,161,203,5,641.16,36
923,363,344,5,394.11,11
1450,584,476,5,740.81,8
1731,701,221,1,1184.56,0
383,143,162,2,1012.56,0
527,198,244,4,427.57,29
1486,598,153,5,608.86,17
1544,624,464,4,395.47,30
9,5,169,-3,675.16,0
1918,773,354,5,473.1,26
691,267,267,2,299.74,0
518,195,180,5,818.85,4
79,29,128,5,1496.65,94
376,141,181,5,1242.81,0
941,371,349,4,890.93,11
1470,591,267,3,286.13,0
1818,738,369,4,1061.67,0
1094,436,333,4,799.0,0
2071,837,252,1,609.19,6
1013,405,293,2,130.75,6
1318,532,145,5,1771.14,21
509,190,318,2,545.65,10
1571,636,493,5,1470.3,0
1372,554,428,2,332.87,0
2052,831,6,3,1109.71,0
318,120,344,1,299.31,6
424,159,1,2,961.87,13
417,155,215,3,203.24,0
1617,653,276,4,610.4,0
1261,514,269,2,1491.3,54
717,278,428,4,233.54,41
699,270,279,2,766.37,0
766,301,31,4,489.04,0
1375,555,496,5,1101.47,0
1444,581,509,5,633.07,35
1191,484,156,2,22.49,0
366,136,317,4,511.22,15
859,336,247,4,987.25,14
994,393,95,3,735.39,0
1655,671,59,3,399.56,0
1595,645,367,2,1317.0,30
1959,790,306,1,597.08,0
2102,851,395,3,264.86,2
232,88,334,2,189.96,0
740,289,245,4,1165.65,11
939,370,275,5,934.5,11
171,64,300,5,9.1,0
1580,639,161,1,972.79,10
2084,843,113,4,400.59,0
1433,576,167,3,314.74,0
1082,432,189,-1,1331.72,0
953,376,37,3,740.11,9
2063,834,452,4,1381.86,0
1238,504,162,1,969.49,0
289,111,271,5,710.29,9
269,103,173,4,976.71,0
621,235,274,4,564.92,23
336,127,262,3,329.19,89
1618,654,34,3,293.49,0
3,2,482,4,1433.99,0
1666,676,20,2,339.53,0
848,333,161,1,930.89,0
1352,546,251,2,1267.55,0
307,118,404,-5,349.75,0
2129,861,42,4,306.09,0
268,103,215,4,189.34,15
172,64,133,5,178.83,27
348,130,171,1,459.46,8
1508,609,403,2,870.34,5
759,297,15,3,722.87,29
1898,766,249,3,1138.69,0
2039,826,200,5,586.29,0
1461,587,366,-4,1417.51,0
185,69,391,2,841.41,10
2115,856,214,2,396.86,0
1907,769,233,2,1880.94,0
924,364,179,1,621.97,10
630,239,233,4,1641.27,27
1374,555,220,4,755.91,36
1349,545,86,1,1369.19,15
2049,829,85,5,742.9,59
1246,508,157,1,751.16,83
796,313,291,2,40.51,0
1148,463,94,1,851.76,0
1243,507,274,1,463.46,0
1667,677,206,2,1272.89,0
1155,466,37,3,610.22,13
2156,873,208,4,1314.06,0
519,195,359,1,982.99,0
138,50,241,5,732.01,47
1606,650,422,4,1262.75,0
1529,619,228,-4,506.88,47
1423,572,115,3,1180.55,0
1130,457,440,4,455.14,15
2118,856,7,3,202.25,4
1640,665,285,1,1578.5,0
1947,785,147,4,975.42,0
36,14,487,5,406.34,0
586,220,84,4,1325.56,6
1789,728,418,1,1111.98,0
1017,406,436,5,897.22,0
381,142,112,3,795.92,0
1937,781,296,2,413.81,0
8,5,390,4,746.99,2
1513,610,192,5,1025.2,0
2044,828,323,5,648.23,31
337,128,241,5,545.84,54
566,214,8,1,760.94,37
139,50,267,4,188.81,0
1392,561,262,4,381.95,4
768,301,399,2,1909.35,13
1315,532,29,5,571.11,17
828,326,74,4,1144.36,0
1478,595,131,3,420.29,0
273,104,364,3,1279.29,14
1135,459,472,4,540.42,0
33,13,441,4,1443.26,24
1257,511,434,1,189.24,9
2117,856,208,3,1535.74,26
819,322,121,2,767.81,2
1116,449,493,4,1186.42,0
1202,488,492,2,1187.4,0
1495,602,418,2,1431.09,0
1350,545,146,1,630.89,0
1047,420,277,2,780.68,37
2019,816,186,5,103.01,31
1046,419,177,5,251.91,0
2193,887,5,3,342.29,0
871,341,198,1,1097.02,7
1210,491,96,1,598.72,0
1836,745,3,5,214.62,97
628,237,352,2,938.09,14
639,245,433,1,1339.59,0
1582,639,217,4,800.89,16
874,343,349,4,1251.39,33
2041,826,409,1,1463.51,39
567,214,258,-4,650.0,2
1359,548,158,3,1415.47,11
1362,550,446,2,340.46,2
1866,755,444,3,751.37,0
1540,623,317,2,354.44,72
1923,776,415,2,937.14,6
178,66,141,1,203.96,31
1154,465,145,4,1243.3,18
644,248,298,5,746.16,0
818,322,33,3,991.51,0
1028,411,404,3,183.32,0
1108,445,436,3,1290.83,0
160,59,409,5,1685.16,0
1214,492,73,5,792.59,0
741,289,494,2,998.76,0
1593,645,145,1,1741.71,13
503,187,50,1,1010.06,7
123,45,268,3,773.53,0
144,52,361,4,1212.62,0
2036,823,285,4,1429.89,27
60,22,96,4,640.47,0
956,377,490,4,623.06,14
533,201,482,2,1606.49,11
1821,739,137,2,261.87,0
28,12,358,4,325.95,0
1686,683,288,2,504.43,1
1386,559,510,3,814.25,0
1284,520,119,3,1061.28,1
1297,524,339,3,793.96,0
2214,897,113,3,240.22,0
1645,666,281,-2,1110.2,37
1912,771,450,1,1219.22,13
2068,836,396,3,344.6,3
749,292,152,5,1475.25,10
1831,744,4,2,605.67,10
684,264,154,5,653.66,35
1633,660,117,5,662.64,6
1224,498,319,5,360.78,0
2113,855,290,4,898.48,0
540,204,208,4,1529.61,25
1613,652,169,4,521.48,0
1528,618,145,2,1725.75,0
1160,468,40,3,302.18,0
1037,415,297,3,688.7,0
1671,679,11,2,592.47,18
816,322,232,2,1110.41,13
764,299,463,2,443.88,39
1320,533,401,2,642.71,0
1436,577,168,3,264.42,5
1688,684,269,4,1627.17,0
96,35,247,1,581.77,1
67,25,357,5,412.56,13
120,43,499,1,103.66,25
122,44,278,4,302.98,0
1144,462,287,1,1307.39,0
1729,701,167,4,314.33,0
965,381,103,4,1834.11,0
650,251,433,2,1462.59,0
2123,859,2,2,1140.52,8
181,67,230,3,441.16,13
611,231,170,2,284.1,0
1904,769,53,3,757.69,0
1451,585,358,4,285.18,9
912,359,479,1,181.62,0
1934,780,343,3,515.38,16
165,61,43,-2,731.04,13
727,283,380,2,692.83,0
957,377,7,4,180.23,0
1752,712,446,2,248.68,0
1697,686,38,1,322.74,0
47,17,431,4,1031.98,0
308,118,74,3,882.25,40
544,205,288,3,502.73,0
2181,883,508,4,701.48,29
1260,513,103,5,1075.44,2
2186,885,5,2,568.62,96
1142,461,446,3,403.35,21
860,337,11,2,501.03,0
954,377,62,3,358.52,32
1720,697,466,2,1431.93,0
1811,736,479,4,279.19,40
492,183,182,4,291.43,19
57,20,81,3,734.94,4
1815,737,271,2,677.48,14
1249,509,233,4,1537.82,31
914,360,408,5,707.21,0
390,146,256,1,317.29,27
726,282,322,1,1480.63,71
284,107,427,1,1147.17,2
685,264,394,5,864.68,2
1029,411,153,4,394.26,5
585,220,330,2,734.79,3
491,183,384,4,1777.88,32
588,221,193,3,1585.33,4
559,211,109,-1,127.44,4
767,301,349,5,1507.46,45
1381,558,416,3,781.0,0
543,205,481,4,1316.06,13
1016,406,292,3,508.6,1
1001,398,220,2,1351.97,13
2170,879,96,3,567.66,3
1044,419,449,1,1176.83,0
85,31,91,3,849.08,0
1910,770,422,5,798.76,0
1692,685,414,1,995.2,8
2189,886,62,1,346.78,3
1356,547,86,2,931.33,0
1599,647,212,2,145.76,0
795,312,501,1,274.29,29
1654,670,175,1,204.03,59
847,332,68,3,829.44,28
1518,614,308,4,405.87,17
1689,684,438,4,927.35,13
946,373,396,1,537.39,2
1899,767,196,3,405.51,8
1807,734,452,2,1593.49,29
2010,812,32,3,350.82,0
618,234,24,1,37.07,7
1981,798,453,2,176.42,34
1300,526,49,5,1489.27,0
451,170,432,3,84.77,29
1895,765,138,1,297.51,8
98,36,122,4,193.7,28
977,386,481,5,1776.45,0
1876,758,117,5,933.67,13
1834,744,54,4,520.6,0
2048,829,228,-3,728.94,0
1469,591,412,3,1224.17,6
456,171,111,4,26.57,1
1783,726,191,-2,715.01,0
309,118,356,2,1116.91,0
1307,529,110,2,540.77,0
1512,610,443,1,743.73,0
215,79,188,5,181.8,0
2124,859,63,1,751.8,0
2029,821,88,1,716.79,8
774,303,320,4,873.34,45
1814,737,507,4,808.66,11
1398,563,107,1,239.0,0
826,325,55,1,1171.46,0
1487,599,33,5,1548.88,0
2104,851,78,1,345.33,0
577,217,499,2,182.39,0
623,235,279,2,912.86,0
520,196,147,1,610.22,9
1663,674,422,2,1197.15,0
1960,790,454,1,208.88,6
398,148,499,5,146.38,0
1370,553,335,2,628.5,15
301,115,134,1,713.12,0
2105,851,219,1,453.17,0
671,257,195,3,567.75,6
794,312,502,3,286.76,0
443,166,488,2,360.66,0
100,37,112,2,1276.8,0
973,385,273,4,692.36,1
1288,521,8,1,491.5,15
1074,430,432,3,70.6,1
718,278,156,2,17.63,0
942,372,495,4,1144.77,34
1003,399,181,2,1412.84,61
302,115,342,4,57.41,0
756,296,3,5,238.07,10
1800,732,231,-5,1504.01,0
1491,601,165,1,602.14,10
2083,842,428,4,225.68,0
2154,872,38,3,570.03,0
1331,538,329,4,1305.71,9
173,65,455,3,1185.65,23
683,264,454,1,165.67,0
1808,735,434,5,134.85,0
1389,560,456,4,1062.8,1
1534,620,355,1,1431.71,0
1125,454,76,5,1031.09,0
1774,722,381,3,518.98,1
290,111,95,2,1076.99,7
163,60,355,1,1305.17,10
1748,710,313,2,99.25,0
174,65,310,3,1461.83,0
1325,536,256,2,370.79,0
2081,841,452,5,1822.55,37
1718,696,96,5,465.88,17
1049,420,434,1,184.37,0
662,255,77,1,412.07,92
402,149,477,4,1099.61,16
1547,626,309,3,681.61,5
107,40,2,1,671.14,0
1589,643,240,5,668.17,0
834,328,164,5,967.09,3
501,186,139,5,489.14,2
2100,849,50,2,1041.23,10
589,221,124,2,340.63,0
1327,537,470,1,287.71,0
1455,586,389,2,153.75,0
1675,680,141,4,159.82,0
147,53,266,4,303.97,0
1054,422,255,5,515.43,3
617,234,277,1,501.6,0
771,302,204,1,1292.7,0
354,133,439,3,1153.18,0
877,345,418,2,1103.42,0
1941,783,293,4,187.51,9
663,255,444,3,1018.45,25
1383,559,253,2,150.26,12
493,184,111,5,29.51,0
1550,626,241,5,490.39,0
677,261,11,1,816.42,0
267,103,485,1,152.38,0
69,26,257,2,141.49,15
616,233,488,-2,336.22,30
1940,782,86,3,967.63,0
913,360,105,5,759.73,0
679,262,363,4,918.38,3
1517,613,143,5,1425.55,0
1204,488,283,2,338.23,5
1100,440,397,2,705.37,0
966,381,291,4,52.57,0
148,54,512,4,866.13,0
1694,685,377,5,544.47,4
1879,759,287,4,768.29,7
1893,764,518,3,921.02,0
2006,811,260,3,717.82,0
1730,701,383,-2,529.32,0
94,34,465,5,865.64,0
637,244,504,1,1169.14,38
703,272,363,2,1144.15,14
993,392,24,2,23.05,15
470,175,332,2,1559.41,4
1957,789,229,1,790.55,0
1377,557,206,5,1465.05,87
838,330,415,3,512.99,5
687,265,298,4,1006.29,1
664,256,396,1,657.64,9
570,215,327,3,1178.78,28
39,15,129,2,1087.43,0
672,258,128,1,1415.36,31
1477,595,191,2,719.22,2
1179,479,349,5,831.79,0
1460,587,191,-4,673.02,10
1311,530,268,1,1310.62,27
1792,729,406,3,292.26,15
2027,820,295,5,80.53,0
1854,751,428,4,184.43,26
582,219,288,5,384.06,35
1443,581,436,2,899.37,0
2031,822,100,5,1508.13,5
1153,464,496,4,999.52,0
1368,552,165,2,341.8,0
600,226,406,2,170.56,50
1007,401,132,3,183.45,0
788,309,118,4,871.35,0
1417,569,131,2,551.25,0
41,15,100,3,862.79,25
866,339,300,4,10.01,3
1035,414,497,4,673.98,0
1112,446,106,1,810.61,16
157,57,486,3,860.82,0
694,268,153,2,434.72,2
1337,540,76,4,1001.18,0
1,1,151,3,548.06,34
668,257,193,3,1410.8,4
886,349,418,5,1627.09,8
1669,677,138,1,339.54,0
735,287,267,5,190.15,0
1527,618,401,1,634.02,2
804,315,509,4,1088.31,0
690,267,376,2,1452.39,11
211,78,122,1,349.83,0
1968,792,273,4,721.35,34
534,201,112,2,664.98,4
2064,835,182,1,517.15,33
441,166,400,5,1029.51,79
54,19,102,5,76.91,40
166,62,19,4,284.28,0
169,62,397,5,1146.07,39
902,356,148,3,473.15,0
1434,576,408,1,941.39,0
1734,702,326,3,57.81,0
175,66,287,5,1382.06,4
106,39,182,3,331.41,0
1197,486,362,3,593.71,0
2152,871,91,5,803.33,0
46,16,470,5,270.94,32
1316,532,34,1,491.51,0
1411,567,141,2,180.21,0
2023,817,275,4,651.06,0
837,330,154,5,925.33,0
1500,606,138,3,493.56,0
936,369,409,3,1202.42,12
1732,702,249,2,1461.29,0
1693,685,69,-1,1212.26,0
1683,683,141,4,165.08,0
1476,595,24,2,36.16,1
1207,490,52,2,302.14,0
1445,582,282,3,1719.19,1
881,347,431,5,1660.09,89
1632,659,287,1,1438.24,0
1058,423,265,1,274.71,54
2004,810,122,3,189.59,0
1366,551,198,4,1639.72,79
824,325,405,5,694.91,17
1322,534,236,1,609.81,8
1251,509,223,4,1632.47,10
1574,637,219,2,455.42,7
563,213,127,2,796.38,4
435,163,233,3,1464.19,0
933,368,27,5,781.67,20
1549,626,129,4,1495.62,0
1128,455,145,4,1462.05,9
280,106,178,1,24.63,5
1578,638,399,1,1869.1,0
1442,581,212,2,169.34,0
1206,489,68,1,765.86,0
1213,492,136,5,589.88,0
78,29,123,5,1022.96,0
10,5,56,1,240.71,22
1480,596,164,3,1125.35,0
1908,770,299,5,175.9,13
1126,454,14,5,494.05,0
256,98,501,2,359.13,0
938,370,384,2,1298.09,0
530,200,252,2,963.74,12
92,33,77,4,354.28,10
673,258,386,5,157.83,0
830,326,83,1,268.21,0
1661,674,458,2,638.39,0
197,73,302,2,214.53,13
1594,645,38,2,501.68,0
1762,717,301,3,403.56,0
430,161,187,5,900.17,8
670,257,303,3,279.33,0
2138,867,291,2,82.93,38
865,339,112,2,983.46,0
1682,682,188,1,225.6,13
875,344,271,1,514.07,9
1166,471,456,2,762.7,35
510,190,210,1,308.79,0
1577,638,21,3,277.04,0
1294,523,211,1,1088.98,32
1989,803,281,1,1052.65,45
1769,720,267,2,163.88,0
1502,607,135,5,1192.75,12
765,300,65,2,984.35,0
1499,605,231,2,1015.4,0
1072,429,60,3,679.35,0
1552,627,127,-2,1018.61,0
1146,462,60,5,835.07,0
1809,735,56,2,244.09,0
2197,889,411,2,1229.1,33
2095,847,218,5,1080.98,12
45,16,181,1,744.49,0
697,269,69,3,905.59,15
2074,838,350,2,231.73,0
2114,855,164,5,1552.09,0
922,362,413,3,544.64,7
43,16,344,4,312.69,0
704,272,415,4,645.19,0
2013,813,375,-3,1034.99,1
1136,460,190,3,357.12,0
274,105,219,2,500.04,4
1271,516,7,5,209.3,0
1929,778,227,2,21.81,0
362,135,234,5,730.14,0
1685,683,43,3,1394.69,3
511,191,119,2,1429.82,0
583,219,349,2,1237.6,26
1532,620,181,1,868.48,0
590,222,304,1,1217.06,2
742,289,446,1,379.77,0
2096,848,9,4,305.39,33
1040,418,151,1,685.28,34
1742,707,387,5,924.55,4
522,197,7,1,260.28,34
1254,510,131,2,606.95,0
894,351,416,2,1353.89,62
781,306,342,1,79.8,0
1079,431,421,3,1622.83,4
210,78,301,3,607.64,0
760,298,168,1,263.11,9
2127,861,417,5,62.68,0
428,161,50,2,1105.09,0
528,199,412,3,969.77,15
488,180,486,1,594.69,0
472,176,197,5,1522.79,12
1239,505,31,5,563.46,0
1104,443,286,3,526.09,0
1060,423,492,5,769.14,0
1382,558,494,4,1164.48,63
1556,630,319,1,307.14,14
413,153,8,4,578.48,0
392,146,385,2,1549.7,0
840,331,472,2,395.04,0
1637,663,126,3,60.35,0
1745,708,508,2,415.07,53
1050,420,517,5,1135.87,37
364,135,217,5,650.43,16
1627,657,405,1,592.89,5
870,340,134,5,601.58,29
776,304,336,2,430.6,0
5,4,514,4,204.14,65
603,227,25,1,832.49,27
305,116,242,2,175.9,0
1293,523,329,5,1191.51,0
1339,541,361,3,1291.13,0
575,217,234,5,642.23,72
260,99,10,4,1146.36,39
1955,788,98,5,382.7,0
473,176,423,3,563.37,27
1273,517,47,1,917.67,2
34,13,485,1,107.71,0
1969,793,158,2,1310.85,7
1884,761,486,2,1059.9,17
393,146,61,2,1368.74,11
1110,445,63,5,896.7,0
1281,519,486,3,1142.43,9
1855,751,86,4,1216.92,5
1670,678,486,4,795.56,4
513,192,292,2,811.85,8
1165,470,474,5,115.9,0
1788,728,136,3,608.27,0
1539,622,110,5,452.94,6
1101,441,333,2,921.18,0
475,176,410,2,77.4,0
1723,698,31,1,516.27,39
711,275,302,5,141.8,0
1168,471,56,1,310.6,0
2018,815,456,1,1382.08,0
355,133,128,4,868.78,0
1229,501,479,3,280.56,36
868,340,38,5,568.14,0
1360,549,515,4,267.28,0
2056,832,3,1,185.61,0
1920,774,97,2,153.42,0
782,306,276,5,522.07,6
1457,586,144,3,846.98,0
783,306,54,5,317.91,0
1971,794,202,2,360.16,9
1830,743,461,1,775.71,0
358,134,37,5,648.36,6
1299,525,265,1,445.31,0
73,27,301,2,527.11,0
360,134,152,3,1660.42,0
2082,842,459,4,185.21,0
1184,482,387,4,587.55,0
372,140,476,1,514.55,0
548,207,300,4,7.42,0
1263,514,413,1,844.15,0
2206,892,264,4,398.39,10
2014,814,302,3,171.4,14
1724,699,113,4,375.41,0
2166,877,492,1,1303.84,15
1853,750,333,2,875.64,1
56,20,29,5,729.12,3
145,52,348,4,635.49,8
1367,552,99,1,375.6,0
156,57,213,4,1367.64,10
790,311,137,-5,203.55,0
367,136,212,5,214.45,0
1042,418,86,3,971.5,19
115,42,401,3,669.07,12
1278,518,509,2,1055.11,0
1298,525,249,3,973.0,0
1402,564,153,-2,711.92,0
192,71,179,3,550.14,14
666,256,481,3,1172.49,0
615,232,310,2,1899.07,22
275,105,196,1,542.01,0
1304,527,162,5,878.34,0
638,245,101,1,924.69,0
656,253,13,1,516.07,9
80,29,464,1,546.69,0
958,378,346,5,678.48,14
1569,635,115,4,782.75,15
1713,693,349,3,1630.97,12
1649,668,108,4,95.8,10
1926,777,194,2,484.42,3
1105,443,261,5,481.6,0
2207,893,442,-2,886.42,0
1986,801,34,4,303.4,10
720,279,117,4,681.0,33
1014,405,34,4,470.96,0
633,241,508,2,597.92,0
1888,762,57,1,18.35,0
1954,787,106,5,813.33,0
1180,480,76,5,763.66,5
2178,882,463,3,680.34,0
17,8,459,3,176.42,7
562,212,454,2,139.02,24
854,335,214,2,370.73,0
689,266,503,4,1730.39,0
134,49,118,1,940.81,0
1347,544,74,2,1312.33,8
1848,749,504,4,1449.62,0
1055,422,272,4,1243.42,77
1507,608,266,1,308.47,7
1604,649,486,5,609.62,26
242,93,290,1,1430.24,4
187,70,329,4,1215.03,0
1437,578,469,2,51.31,0
719,279,506,1,319.25,87
900,355,330,1,1039.57,0
631,239,343,5,555.1,0
1231,502,515,2,199.87,0
2131,862,470,1,319.89,0
15,6,96,4,619.3,5
754,296,245,1,1283.22,33
1820,739,191,5,735.17,0
502,187,322,-5,1609.87,63
2097,848,344,3,372.27,0
1420,571,501,4,238.61,1
323,122,442,5,483.41,0
64,23,165,2,408.43,0
1369,552,204,3,1148.68,0
1371,554,166,5,646.89,8
319,121,259,3,628.66,0
555,210,274,2,357.89,0
1927,777,426,2,172.4,98
2182,883,262,5,410.88,5
608,229,205,2,830.24,6
1901,768,44,1,1593.59,9
550,209,346,1,503.25,14
595,224,54,3,519.94,1
635,242,196,1,595.78,2
1329,537,17,3,954.67,40
205,75,361,4,1126.95,0
1636,662,252,4,893.61,1
30,12,480,5,780.72,11
632,240,232,4,1068.99,0
641,245,503,4,1259.53,1
889,350,453,5,232.17,16
1793,729,245,4,692.44,0
1503,607,109,5,87.58,29
379,141,495,4,777.41,14
504,188,380,2,675.58,0
1380,558,21,5,231.71,0
844,332,275,2,922.99,5
126,47,321,3,758.98,30
2133,864,45,1,1601.23,0
1479,595,406,1,250.52,0
1622,656,112,2,759.2,13
1076,430,255,3,756.69,24
1264,514,490,5,576.67,0
2136,866,209,5,912.43,0
2140,867,160,3,273.07,0
554,210,289,1,676.31,0
1506,608,468,5,699.52,5
350,131,182,-1,289.48,11
1324,536,323,2,641.3,0
1841,747,323,4,520.98,0
272,104,486,4,1036.55,19
626,236,412,2,935.38,8
370,139,234,2,725.72,9
1447,583,456,4,921.55,13
23,10,73,4,1235.18,0
602,227,505,5,611.12,1
1746,708,462,5,484.13,0
464,173,314,2,502.91,0
1346,544,358,4,459.07,0
981,388,209,5,899.64,2
248,95,436,4,1487.99,0
279,106,503,2,996.08,0
1419,570,329,3,1588.82,48
980,387,311,2,186.56,15
59,21,267,1,291.55,0
928,367,134,5,898.44,0
879,346,297,3,945.17,12
394,147,23,3,683.27,30
1711,692,244,3,614.5,42
1756,715,157,2,716.15,0
442,166,432,1,57.66,89
423,159,138,5,287.49,39
1760,716,47,3,930.97,0
2009,811,172,3,1344.19,0
1041,418,115,5,1266.27,0
1976,796,24,2,27.53,8
1887,762,459,5,172.71,14
2099,848,293,1,253.44,0
1558,630,286,2,286.64,12
2121,858,124,5,314.33,12
674,258,403,4,646.17,0
386,144,468,1,823.73,0
1802,732,128,4,889.93,0
1303,527,256,2,351.39,0
991,391,382,1,846.95,0
944,372,352,5,1023.91,42
221,81,212,5,176.24,30
1439,578,449,1,989.7,12
361,135,264,5,640.74,5
1240,506,146,1,502.78,0
1252,510,253,5,290.43,37
2073,837,250,1,17.95,0
1152,464,5,5,483.38,34
66,24,336,2,465.83,0
1965,792,427,4,999.42,4
569,215,269,3,1483.49,0
1290,522,482,1,1160.07,5
278,106,466,5,948.14,1
952,375,222,5,1378.12,0
1103,442,406,4,213.75,0
1187,483,41,4,593.23,4
1615,653,189,4,706.16,0
743,290,475,2,1608.37,0
627,237,44,5,1938.39,3
1707,690,164,4,1041.88,12
1842,747,322,4,872.23,12
878,345,48,3,300.82,0
1203,488,177,2,217.89,11
1333,538,424,5,197.01,0
2171,880,358,1,439.25,1
1274,517,371,3,1082.62,10
2057,833,150,3,251.36,63
692,267,491,2,1323.71,1
1510,610,327,2,609.84,2
2020,816,180,5,1422.39,0
1068,427,232,3,1217.85,11
820,323,273,4,889.74,0
1791,728,255,5,493.66,0
964,381,187,3,680.31,7
2016,815,267,1,301.18,0
1581,639,289,3,421.11,0
18,8,135,4,1195.01,10
1812,736,56,5,265.25,12
2045,828,470,1,288.11,56
108,40,501,5,202.72,19
1590,643,382,1,826.43,8
446,167,283,3,566.54,10
798,314,400,2,961.05,0
643,247,260,5,654.52,30
1902,768,326,2,78.62,0
479,178,67,1,746.01,49
652,252,190,5,323.7,0
516,194,516,2,1506.46,34
1137,460,77,2,584.16,0
1978,797,144,4,1084.21,48
2192,887,354,3,461.02,3
426,160,309,4,566.97,24
1690,684,52,3,338.02,7
201,74,230,3,436.58,0
529,199,129,4,1357.5,0
734,286,170,3,399.58,0
535,201,464,3,476.19,0
2012,813,214,1,412.17,0
1171,472,162,5,1129.95,0
478,177,357,5,539.81,0
810,319,96,2,354.67,5
1111,445,314,2,702.49,10
249,96,26,2,956.35,0
77,28,395,3,165.43,43
1662,674,177,2,174.46,5
832,327,154,3,1104.85,0
385,143,334,4,142.05,0
1911,770,485,1,148.86,30
374,140,53,1,922.66,22
1441,580,337,5,584.59,0
1678,681,485,3,81.54,42
218,80,43,3,883.51,40
368,137,338,5,156.0,39
1796,730,472,5,504.39,4
1011,403,442,4,474.25,20
2078,841,481,5,1268.09,24
521,196,326,2,59.89,0
2065,835,483,3,849.68,11
2037,824,409,3,1224.59,15
1514,611,5,1,540.73,0
1289,521,52,1,359.29,0
137,50,189,1,1250.33,11
1143,461,518,3,872.67,32
661,255,510,5,531.33,2
378,141,520,3,346.71,0
1516,613,241,4,719.64,14
1435,577,349,1,1300.29,0
1949,786,201,3,724.99,6
1708,691,475,4,1778.78,29
143,51,291,2,70.45,0
558,211,339,2,772.83,2
1657,671,516,1,1087.07,8
2110,854,365,3,262.72,0
217,80,147,3,747.74,30
701,271,69,4,1018.8,9
1592,645,480,1,532.64,4
660,254,424,5,164.53,0
2000,807,119,5,1575.13,0
316,120,382,1,600.21,0
1916,772,180,2,1270.6,0
2092,846,456,-2,1508.06,1
1501,607,38,3,445.09,18
571,216,464,4,533.42,65
1743,708,410,5,94.79,0
987,390,249,1,882.94,15
314,119,184,4,553.92,7
254,98,275,5,995.17,0
2188,886,327,1,951.29,7
1554,628,284,5,94.33,28
1123,454,276,4,545.04,2
1201,488,159,3,382.56,47
1225,498,87,2,1661.8,30
1393,561,361,5,924.76,0
481,178,259,5,950.37,7
2160,874,242,4,188.49,0
1681,682,307,3,1280.44,0
863,338,14,2,586.88,0
1424,572,473,5,87.22,0
700,270,22,2,1257.49,12
461,172,260,5,756.33,27
1032,412,277,5,863.21,74
682,263,98,5,295.48,0
2060,833,386,4,183.03,0
1057,423,141,2,192.3,0
2072,837,153,4,426.01,8
606,228,398,1,112.25,8
1536,621,360,4,315.63,14
732,286,90,3,806.9,10
1232,502,392,5,407.63,35
335,127,400,3,1264.76,0
1378,557,232,3,915.06,0
976,386,124,4,283.78,0
497,185,193,5,1379.2,36
2122,859,204,4,931.33,20
1710,692,90,3,1604.25,0
1234,502,442,3,662.19,0
1412,567,323,4,904.39,5
636,243,308,3,350.15,35
93,34,320,5,764.07,65
1973,794,332,2,1139.87,11
2058,833,189,-3,985.39,0
76,28,68,1,724.56,0
1185,482,161,5,818.57,21
549,208,502,3,237.93,0
675,259,144,2,1219.13,0
1080,431,52,4,510.15,0
1764,718,323,1,691.0,6
1258,512,518,2,703.47,0
2202,891,226,4,488.16,0
1849,749,66,1,378.78,12
496,185,503,4,927.12,31
1716,695,352,5,1052.1,0
1837,746,422,5,866.23,0
2209,895,129,4,1690.67,0
864,338,251,3,1333.62,14
399,148,50,1,1070.66,9
1416,569,404,2,358.44,0
1644,666,434,2,248.29,19
455,171,44,1,1181.56,37
797,313,287,4,1301.0,22
236,89,275,4,755.87,0
352,131,513,1,261.58,0
1425,572,122,2,216.46,0
1400,564,243,3,48.06,0
1629,658,176,5,621.93,27
387,144,281,-3,1003.52,7
713,276,53,4,970.85,11
1012,404,351,3,1797.77,14
873,343,261,3,446.82,9
2002,809,74,5,956.76,0
1024,409,504,4,1393.57,0
2150,871,428,4,288.77,11
1687,684,80,3,1006.79,0
1317,532,322,2,1043.67,0
425,159,319,1,333.66,0
2112,854,204,3,1632.7,4
1982,798,407,-3,573.46,24
97,36,272,3,908.33,0
1429,574,65,2,1500.95,0
342,129,414,5,1564.89,21
1087,434,62,5,556.53,34
803,315,188,4,116.06,4
1974,794,278,5,258.62,0
1199,487,84,4,824.17,0
1817,738,27,4,623.69,14
1190,484,15,5,1133.08,8
1328,537,70,1,577.33,39
1209,491,516,4,886.8,0
1456,586,412,3,1385.47,0
1413,567,436,3,909.62,0
1747,709,297,3,967.51,0
1967,792,108,4,128.65,6
1917,773,126,5,71.84,0
1827,742,128,1,1073.86,5
1719,696,337,2,493.42,32
1176,477,519,5,299.09,0
182,67,211,5,956.83,0
146,53,520,2,365.9,10
1039,417,266,1,582.36,0
1149,463,119,4,1511.84,0
1872,757,341,5,400.49,0
1000,398,203,1,401.64,7
447,168,128,1,1368.26,0
841,331,364,5,1057.39,0
1247,508,450,-1,695.42,14
625,236,179,4,779.58,0
1223,497,505,5,838.32,0
858,336,204,1,1336.64,89
212,79,297,5,946.01,0
2066,835,429,1,235.38,0
1543,624,404,4,344.01,5
1776,723,290,2,1130.87,0
1526,617,453,2,183.22,59
365,136,231,2,1552.23,0
1676,680,205,4,798.86,7
919,362,24,1,34.31,31
722,280,160,3,184.4,44
2101,850,293,3,136.92,0
751,294,418,5,1458.53,0
945,373,270,5,183.04,0
2076,840,378,2,1458.35,55
345,130,24,5,33.98,6
2032,822,228,5,516.98,61
1698,686,234,4,741.46,0
410,151,451,1,741.17,15
836,329,3,3,218.16,0
194,72,209,5,1319.96,0
499,186,290,1,1193.06,6
1765,718,68,1,716.99,38
833,328,268,5,1074.83,0
642,246,519,4,196.2,0
2087,845,54,2,474.89,0
1773,721,25,2,1092.12,3
1750,712,136,4,675.64,0
1403,564,458,3,605.59,33
1641,665,164,2,1223.73,0
1295,523,51,5,869.95,6
433,162,350,5,371.85,42
1009,402,218,4,1022.97,0
158,57,513,2,207.37,14
2054,831,227,1,29.0,0
20,9,511,1,414.38,0
1826,741,153,3,607.08,10
209,77,136,5,747.19,0
1358,548,382,5,595.25,0
1095,437,202,1,332.45,0
1270,516,242,2,108.36,0
1133,458,390,3,1069.18,1
1511,610,281,4,1237.6,16
1059,423,405,1,677.86,12
729,283,316,3,219.51,2
856,336,127,5,1025.07,0
688,265,237,1,1293.56,0
2137,866,226,3,833.01,0
2085,843,309,2,556.56,38
1749,711,18,2,1239.57,6
572,216,157,2,545.38,0
227,85,497,4,645.4,18
1988,803,211,1,1040.39,12
1005,400,385,3,1805.62,2
219,81,145,5,1690.68,0
277,105,384,3,966.78,10
1779,723,209,1,728.95,11
1905,769,105,4,1212.55,0
2168,879,406,5,177.29,0
647,250,143,5,1166.75,0
117,42,283,1,537.75,8
1230,501,400,3,1236.75,0
1279,519,416,1,1106.1,8
920,362,505,5,581.97,13
1259,513,406,3,331.35,98
1192,485,48,2,336.31,0
584,220,152,4,1742.77,0
1832,744,213,3,921.43,0
978,386,180,2,1102.08,0
2033,823,382,2,790.46,79
1706,689,486,2,910.17,3
517,195,257,4,157.16,28
1344,543,200,-3,520.46,21
1067,426,43,2,749.16,29
1490,600,32,2,185.64,13
1714,694,56,1,285.57,31
1619,655,386,4,158.04,29
1494,602,287,1,771.44,0
1256,511,233,4,1262.57,0
1077,431,442,3,594.51,0
918,361,349,5,1103.15,1
2135,866,467,3,994.21,27
686,264,390,4,961.06,0
1695,686,35,2,1349.5,0
110,40,484,3,1035.91,38
1336,539,151,5,760.06,33
821,323,338,4,162.09,0
1938,782,283,3,406.33,0
1583,640,151,1,466.53,8
1195,485,430,-5,1072.06,12
1427,573,39,2,955.81,1
915,360,482,4,1339.83,14
234,88,436,-2,945.41,4
1099,439,174,1,247.12,0
180,67,46,3,617.14,26
42,15,38,1,479.2,0
1063,425,286,2,431.09,0
255,98,215,1,255.19,0
983,389,260,2,694.01,0
576,217,195,1,422.72,6
322,122,506,3,254.16,23
1052,421,387,2,540.22,10
263,101,69,5,1067.42,0
349,131,248,1,1797.49,0
926,366,130,3,745.47,12
1113,446,155,2,1001.37,3
168,62,54,1,314.23,1
193,71,151,5,484.31,9
1186,482,343,2,482.76,0
298,113,367,3,1181.09,0
1405,565,460,4,680.39,0
1919,774,79,4,906.04,98
1522,616,267,1,196.5,0
773,303,252,3,530.35,5
103,37,114,2,103.88,0
1860,753,484,-3,1020.48,14
2055,831,130,2,613.28,0
132,48,57,2,16.29,20
574,216,395,3,241.56,94
457,171,101,4,708.95,7
1226,499,374,5,218.66,4
676,260,275,2,1106.53,0
786,308,300,2,8.72,0
119,43,311,5,246.79,1
1915,772,233,3,1493.72,28
2159,874,419,4,856.34,0
344,129,476,5,758.73,9
1319,533,433,2,1024.48,14
1355,546,419,1,700.84,23
233,88,254,2,932.44,0
1217,494,403,4,449.88,10
2164,877,350,4,271.69,0
2024,818,448,3,1325.44,11
1448,584,517,1,1643.77,0
1956,789,215,2,166.7,65
1597,646,333,4,672.25,3
297,113,192,4,966.2,28
1950,786,13,2,817.81,0
1530,619,353,5,1446.63,0
371,139,468,1,772.74,0
1998,807,89,1,606.53,0
1181,481,491,3,857.49,0
706,273,310,2,1868.72,0
1568,635,480,4,532.74,12
162,59,114,3,136.07,0
2067,836,25,2,877.98,0
1414,568,231,1,1018.37,3
465,174,371,1,1363.75,15
1493,602,324,1,769.31,92
823,324,201,2,517.68,0
467,174,173,1,1065.14,37
1313,531,196,3,575.85,0
1886,762,280,1,1259.46,0
1236,503,465,4,882.73,1
1399,563,227,5,21.55,14
997,395,472,4,525.2,1
901,356,422,2,834.79,0
1140,461,47,-2,838.15,27
116,42,428,4,295.28,0
13,6,50,4,1192.12,0
948,373,17,1,1140.83,0
1546,625,213,-3,1016.65,15
887,350,428,2,369.88,12
90,32,472,3,423.3,14
1979,798,202,2,357.58,78
1588,642,141,5,209.85,31
1545,624,4,3,769.41,0
1283,520,208,4,1045.13,9
1591,644,158,3,1092.17,0
1026,411,261,1,326.03,20
112,41,277,5,883.73,0
1963,791,484,4,742.9,0
1073,430,213,4,1195.37,0
1703,688,142,4,1015.61,9
849,333,364,2,1345.84,15
1727,699,416,2,983.61,37
1626,657,464,5,459.21,0
462,172,368,4,488.91,33
929,367,306,5,747.19,13
1211,492,99,1,762.26,29
761,298,371,1,1627.79,0
1535,621,71,1,8.34,0
419,156,374,3,178.04,26
714,276,127,5,1229.76,3
1222,496,222,3,836.66,11
397,148,406,5,263.06,1
1705,688,121,2,701.82,0
1873,757,288,1,454.44,8
2217,900,118,5,952.99,0
453,170,108,2,128.55,2
1216,494,428,1,321.8,15
4,3,178,5,18.25,0
895,352,258,2,515.28,3
839,330,387,1,536.99,0
1738,704,133,3,163.64,0
2025,819,476,5,520.1,0
721,280,335,5,405.85,0
1562,633,247,1,880.83,89
1602,647,70,5,850.73,0
1218,494,472,3,318.2,7
1237,504,254,4,811.32,6
1560,632,83,1,235.55,22
1183,482,470,-3,287.09,0
891,351,350,5,320.06,0
573,216,146,5,389.39,0
680,263,498,2,1061.13,35
191,71,233,4,957.07,44
1174,475,50,1,761.0,54
1958,789,104,4,304.3,4
802,315,251,-5,1449.23,6
2203,891,465,2,665.0,0
2151,871,435,1,557.88,0
850,333,383,4,479.01,5
2026,820,105,2,1096.13,14
2141,867,24,2,20.34,1
1525,617,443,1,719.44,9
104,38,516,3,1472.66,0
897,353,42,5,429.87,17
1805,733,323,2,904.9,0
1564,633,509,1,760.94,11
1646,666,485,3,84.51,1
551,209,42,1,266.89,0
437,164,228,5,717.33,6
1642,665,68,4,750.75,0
1452,585,125,1,1263.58,0
986,390,142,-2,1033.26,0
1744,708,476,3,481.11,14
580,218,319,4,323.64,38
1701,687,337,5,453.56,8
2050,830,135,3,863.29,40
2053,831,406,1,300.97,0
477,177,234,5,717.16,2
1828,742,31,2,461.81,0
1799,731,358,2,351.03,9
968,382,72,2,121.1,0
321,121,346,1,695.62,0
2042,827,218,-5,726.04,0
1753,712,336,1,334.13,0
1858,752,368,5,472.34,0
763,299,117,4,692.65,0
471,175,231,2,1236.2,35
1596,646,516,2,991.89,3
1387,560,446,3,323.42,0
1410,567,490,2,589.75,0
1620,655,230,1,548.08,1
581,219,488,5,540.19,15
1936,781,278,3,341.92,21
1722,698,335,2,482.83,0
1489,600,420,2,1278.93,10
1064,425,310,2,1226.3,0
2199,890,508,5,470.49,0
1245,507,50,2,582.24,17
1085,433,400,1,1000.52,0
330,126,100,1,1050.98,10
452,170,59,3,281.55,13
332,126,231,-5,1280.59,0
1521,615,379,3,214.36,50
27,12,96,5,484.22,0
1880,759,170,1,525.21,0
888,350,32,3,279.68,36
739,288,152,1,1007.99,12
427,160,337,3,503.62,39
1314,531,418,4,1138.62,38
113,41,22,4,1454.0,15
1496,603,407,1,480.24,15
1102,441,516,1,1632.89,0
989,391,358,2,423.38,17
1777,723,448,4,1447.75,0
468,174,331,2,884.62,0
1871,756,330,1,1159.53,79
37,14,165,-3,631.1,20
1942,783,250,3,11.95,0
207,76,185,1,1061.74,33
409,151,141,4,156.23,0
1053,422,393,1,425.86,0
331,126,227,4,28.33,0
531,200,223,4,1675.3,0
1449,584,22,1,896.34,0
95,34,158,3,1206.45,20
176,66,81,2,540.24,0
190,71,131,5,459.55,11
755,296,407,-4,779.25,12
1975,795,104,4,348.39,0
1755,714,460,5,386.64,0
1992,804,155,5,1213.2,0
1255,510,383,4,628.76,0
2091,846,410,5,47.79,2
1909,770,270,4,225.42,29
52,18,425,2,869.4,0
1559,631,60,2,934.56,0
1006,401,354,5,450.78,0
1962,791,182,3,514.32,52
353,132,300,4,9.49,1
974,385,496,5,1170.49,30
38,14,448,1,1304.0,0
1702,687,224,3,1037.93,14
911,359,136,2,505.55,3
1684,683,429,1,186.51,23
498,186,206,4,1116.19,0
2143,868,401,1,561.49,20
1585,641,414,1,1673.98,0
315,120,515,5,197.05,3
807,316,484,1,627.21,0
130,48,56,1,199.35,5
712,275,364,4,1230.94,0
967,381,311,3,333.59,0
1482,597,29,3,655.57,0
693,268,464,2,356.79,0
2194,888,233,4,1680.86,0
963,380,243,3,46.0,6
404,149,156,3,23.39,4
12,6,47,-3,714.57,0
610,230,222,2,879.53,0
655,253,62,4,316.43,7
1272,517,488,3,331.76,0
412,152,124,1,324.66,32
247,95,332,4,1330.05,0
1538,621,129,2,1313.88,0
1151,464,16,3,505.37,5
1002,399,289,1,348.31,9
999,397,458,2,861.01,0
411,152,215,4,194.66,0
1285,520,94,3,1070.74,58
199,74,81,5,772.93,39
294,112,479,5,223.58,0
707,273,406,4,228.76,0
1829,743,505,4,613.1,2
542,205,163,1,29.2,0
998,396,119,1,1040.83,0
310,118,501,4,255.61,5
183,68,398,3,151.96,8
395,147,144,2,833.49,6
2069,836,490,3,428.07,0
1737,703,361,4,1083.27,0
984,389,511,5,376.53,1
599,226,427,3,757.43,0
2198,889,367,4,1340.1,0
282,107,15,1,1039.72,0
1219,495,231,-3,1591.32,0
1426,573,438,5,1344.79,0
1882,760,151,5,871.1,0
1672,679,16,2,645.25,0
1119,451,49,3,1743.49,10
843,331,190,2,284.06,13
35,14,494,3,944.46,14
1115,448,17,1,850.38,0
195,72,334,3,191.12,62
