customer_id,customer_name,email,registration_date,customer_type
1,Allison Hill,allison.hill1@gmail.com,2024-02-08,PREMIUM
2,Brian Yang,brian.yang2@hotmail.com,2024-08-04,PREMIUM
3,Javier Johnson,javier.johnson3@gmail.com,2026-04-27,REGULAR
4,Lance Hoffman,lance.hoffman4@hotmail.com,2024-02-16,REGULAR
5,Kimberly Robinson,kimberly.robinson5@hotmail.com,2024-02-11,REGULAR
6,Sean Blake,sean.blake6@gmail.com,2026-04-26,REGULAR
7,Gina Moore,gina.moore7@yahoo.com,2025-03-08,PREMIUM
8,James Howard,james.howard8@,2025-10-18,REGULAR
9,Renee Blair,renee.blair9@hotmail.com,2025-06-06,REGULAR
10,Thomas Miller,thomas.miller10@yahoo.com,2025-07-11,PREMIUM
11,Lisa Hensley,lisa.hensley11@hotmail.com,2024-03-08,PREMIUM
12,Benjamin Stanley,benjamin.stanley12@yahoo.com,2025-08-11,REGULAR
13,Dr. Sharon James,dr..sharon.james13@yahoo.com,2025-07-15,REGULAR
14,Holly Wood,holly.wood14@gmail.com,2024-03-12,PREMIUM
15,Mia Sutton,mia.sutton15@gmail.com,2024-05-03,PREMIUM
16,Carolyn Daniel,carolyn.daniel16@gmail.com,2025-08-13,REGULAR
17,Devin Schaefer,devin.schaefer17@hotmail.com,2025-07-20,REGULAR
18,Melinda Cameron,melinda.cameron18@gmail.com,2025-02-18,PREMIUM
19,Andrew Stewart,andrew.stewart19@yahoo.com,2024-04-20,REGULAR
20,Thomas Bradley,thomas.bradley20@hotmail.com,2025-01-15,REGULAR
21,Matthew Foster,matthew.foster21@hotmail.com,2024-12-07,PREMIUM
22,Derek Wright,derek.wright22@hotmail.com,2024-03-27,REGULAR
23,Nicole Patterson,nicole.patterson23@hotmail.com,2025-05-05,REGULAR
24,Daniel Bright,daniel.bright24@hotmail.com,2025-05-03,REGULAR
25,Peter Callahan Jr.,peter.callahan.jr.25@gmail.com,2025-12-13,REGULAR
26,Jennifer Brown,jennifer.brown26@yahoo.com,2026-04-17,REGULAR
27,Julie King,julie.king27@hotmail.com,2025-09-12,REGULAR
28,Alexandra Le,alexandra.le28@hotmail.com,2024-08-02,REGULAR
29,Nicole Mack,nicole.mack29@yahoo.com,2024-03-14,PREMIUM
30,Jeffrey Chavez,jeffrey.chavez30@hotmail.com,2024-09-05,PREMIUM
31,Deborah Mason,deborah.mason31@gmail.com,2024-04-08,REGULAR
32,Ashley Garrett,ashley.garrett32@hotmail.com,2025-12-28,REGULAR
33,Christina Brooks,christina.brooks33@gmail.com,2024-01-18,PREMIUM
34,Paula Moreno,paula.moreno34@gmail.com,2026-04-14,PREMIUM
35,Katherine Rodriguez,katherine.rodriguez35@yahoo.com,2025-06-12,REGULAR
36,Sandra Parker,sandra.parker36@gmail.com,2025-12-05,REGULAR
37,Keith Miller,keith.miller37@hotmail.com,2025-02-13,VIP
38,Mr. Philip Cannon,mr..philip.cannon38@gmail.com,2026-02-27,VIP
39,Theresa Martin,theresa.martin39@hotmail.com,2025-04-08,PREMIUM
40,Jenny Lewis,jenny.lewis40@hotmail.com,2024-11-04,REGULAR
41,Melissa Marquez,melissa.marquez41@yahoo.com,2026-04-17,VIP
42,Marie Kim DDS,marie.kim.dds42@gmail.com,2024-01-01,REGULAR
43,Austin Smith,austin.smith43@hotmail.com,2024-06-22,VIP
44,Daniel Jones,daniel.jones44@hotmail.com,2025-04-22,REGULAR
45,Austin Johnson,austin.johnson45@yahoo.com,2024-05-02,REGULAR
46,David Caldwell,david.caldwell46@gmail.com,2024-04-17,VIP
47,Miranda Khan,miranda.khan47@hotmail.com,2024-07-14,REGULAR
48,Richard Aguirre,richard.aguirre48@gmail.com,2024-09-13,REGULAR
49,Matthew Gomez,matthew.gomez49@yahoo.com,2025-10-19,VIP
50,Nicholas Nunez,nicholas.nunez50@hotmail.com,2024-11-08,PREMIUM
51,James Morgan,james.morgan51@gmail.com,2025-08-03,REGULAR
52,Connor West,connor.west52@yahoo.com,2024-07-06,REGULAR
53,Joel Baxter,joel.baxter53@gmail.com,2024-02-02,REGULAR
54,Scott Pierce,scott.pierce54@gmail.com,2024-12-08,REGULAR
55,Kimberly Smith,kimberly.smith55@gmail.com,2024-04-01,REGULAR
56,Sarah Martin,sarah.martin56@yahoo.com,2025-05-28,REGULAR
57,Dr. Steven Martin,dr..steven.martin57@gmail.com,2026-01-24,REGULAR
58,Mrs. Rachel Gibson,mrs..rachel.gibson58@yahoo.com,2026-01-04,REGULAR
59,Monica Logan,monica.logan59@hotmail.com,2025-09-24,REGULAR
60,Brittney Phillips,brittney.phillips60@gmail.com,2025-10-31,REGULAR
61,Kimberly Adkins,kimberly.adkins61@gmail.com,2024-03-25,PREMIUM
62,John Calhoun,john.calhoun62@hotmail.com,2024-06-01,REGULAR
63,Tyler Miller,tyler.miller63@gmail.com,2024-06-18,REGULAR
64,Barry Hensley,barry.hensley64@yahoo.com,2025-11-27,REGULAR
65,Steve Sanchez,steve.sanchez65@hotmail.com,2025-12-19,REGULAR
66,Bradley Sandoval,bradley.sandoval66@hotmail.com,2025-11-19,PREMIUM
67,Taylor Harris,taylor.harris67@hotmail.com,2024-06-01,REGULAR
68,Derek Anderson,derek.anderson68@hotmail.com,2024-01-23,VIP
69,Eugene Walton,eugene.walton69@gmail.com,2025-01-02,REGULAR
70,Marc Hart,marc.hart70@gmail.com,2024-11-28,PREMIUM
71,Daniel Baker,daniel.baker71@yahoo.com,2024-09-12,REGULAR
72,Sherry Wood,sherry.wood72@gmail.com,2025-02-15,VIP
73,Joshua Turner,joshua.turner73@hotmail.com,2025-03-19,REGULAR
74,Mary Spencer,mary.spencer74@hotmail.com,2026-01-26,REGULAR
75,Shawn Baker,shawn.baker75@gmail.com,2024-03-31,REGULAR
76,Brittney Campbell,brittney.campbell76@gmail.com,2025-05-02,REGULAR
77,Christina Walters,christina.walters77@yahoo.com,2026-02-20,VIP
78,Danielle Odonnell,danielle.odonnell78@gmail.com,2024-03-29,VIP
79,Jeff Hill,jeff.hill79@gmail.com,2024-10-15,REGULAR
80,Carlos Whitney,carlos.whitney80@gmail.com,2024-12-31,REGULAR
81,Kristen Patterson,kristen.patterson81@gmail.com,2025-01-17,REGULAR
82,Tony Vazquez,tony.vazquez82@gmail.com,2024-05-07,REGULAR
83,Sandra Aguilar,sandra.aguilar83@gmail.com,2026-03-23,REGULAR
84,Andrew Diaz,andrew.diaz84@gmail.com,2025-05-03,REGULAR
85,Christine Wright,christine.wright85@gmail.com,2025-04-11,REGULAR
86,Justin Baxter,justin.baxter86@hotmail.com,2024-04-22,REGULAR
87,Tammy Young,tammy.young87@gmail.com,2024-06-04,REGULAR
88,Rita Keith,rita.keith88@gmail.com,2025-02-15,REGULAR
89,Tim Patton,tim.patton89@yahoo.com,2024-04-16,PREMIUM
90,Sharon Cochran,sharon.cochran90@yahoo.com,2024-09-02,REGULAR
91,Michael Reyes,michael.reyes91@gmail.com,2025-04-14,REGULAR
92,Courtney Velasquez,courtney.velasquez92@yahoo.com,2026-04-01,REGULAR
93,Robert Savage,robert.savage93@gmail.com,2025-04-10,VIP
94,Corey Murphy,corey.murphy94@gmail.com,2024-07-27,REGULAR
95,Diana May,diana.may95@yahoo.com,2024-08-29,REGULAR
96,Sarah Rivera,sarah.rivera96@gmail.com,2025-06-16,REGULAR
97,Wesley White,wesley.white97@yahoo.com,2025-02-14,REGULAR
98,Kyle Reed,kyle.reed98@yahoo.com,2024-03-19,REGULAR
99,William Wilson,william.wilson99@hotmail.com,2025-03-05,REGULAR
100,Andrew Graham,andrew.graham100@hotmail.com,2024-07-22,REGULAR
101,Kimberly Ball,kimberly.ball101@hotmail.com,2025-11-17,REGULAR
102,Christina Reynolds,christina.reynolds102@hotmail.com,2024-01-16,REGULAR
103,Lisa Alvarado,lisa.alvarado103@gmail.com,2024-08-19,REGULAR
104,Elizabeth Parker,elizabeth.parker104@yahoo.com,2024-08-18,REGULAR
105,Michael Spencer,michael.spencer105@gmail.com,2025-07-20,PREMIUM
106,Todd Byrd,todd.byrd106@gmail.com,2024-03-02,PREMIUM
107,Elizabeth Kelley,elizabeth.kelley107@gmail.com,2025-01-22,PREMIUM
108,Daniel Floyd,daniel.floyd108@hotmail.com,2025-09-23,VIP
109,Julie Ramos,julie.ramos109@gmail.com,2025-01-02,PREMIUM
110,Rebecca Moyer,rebecca.moyer110@hotmail.com,2024-10-02,PREMIUM
111,Bradley Robertson,bradley.robertson111@hotmail.com,2025-05-31,PREMIUM
112,Anna Crane,anna.crane112@gmail.com,2025-01-20,REGULAR
113,Courtney Gonzalez,courtney.gonzalez113@gmail.com,2024-06-16,REGULAR
114,William Carr,william.carr114@gmail.com,2026-01-01,REGULAR
115,Stephen Johnston,stephen.johnston115@hotmail.com,2025-12-16,REGULAR
116,Kathleen Sanchez,kathleen.sanchez116@hotmail.com,2024-12-19,REGULAR
117,Stephanie Dalton,stephanie.dalton117@gmail.com,2025-09-10,REGULAR
118,Colleen Brock,colleen.brock118@hotmail.com,2025-03-09,REGULAR
119,Amber Wright,amber.wright119@gmail.com,2026-04-12,REGULAR
120,Robert Contreras,robert.contreras120@hotmail.com,2025-02-09,REGULAR
121,Tiffany Vance,tiffany.vance121@hotmail.com,2025-02-16,REGULAR
122,Stephanie Simmons,stephanie.simmons122@hotmail.com,2025-06-21,PREMIUM
123,Christopher Hensley,christopher.hensley123@yahoo.com,2026-03-05,REGULAR
124,David Walsh,david.walsh124@hotmail.com,2024-10-22,REGULAR
125,Mr. Jeremiah Reeves,mr..jeremiah.reeves125@gmail.com,2024-01-03,REGULAR
126,Francisco Fernandez,francisco.fernandez126@gmail.com,2024-11-02,REGULAR
127,James Hernandez,james.hernandez127@gmail.com,2025-05-27,REGULAR
128,Jason Daniels,jason.daniels128@yahoo.com,2024-07-12,PREMIUM
129,Ross Price,ross.price129@hotmail.com,2025-04-25,PREMIUM
130,Alicia Gilmore,alicia.gilmore130@hotmail.com,2025-04-04,REGULAR
131,Aaron Bell,aaron.bell131@yahoo.com,2025-08-11,PREMIUM
132,Tiffany Barnes,tiffany.barnes132@hotmail.com,2025-04-12,REGULAR
133,Rebecca Hurst,rebecca.hurst133@yahoo.com,2025-04-17,REGULAR
134,Jeffrey Johnson,jeffrey.johnson134@yahoo.com,2025-05-15,REGULAR
135,Rebecca Ramsey,rebecca.ramsey135@yahoo.com,2024-11-27,REGULAR
136,Veronica Ferguson,veronica.ferguson136@yahoo.com,2024-09-20,PREMIUM
137,Mary Miller,mary.miller137@yahoo.com,2025-06-04,REGULAR
138,Joel Williams,joel.williams138@yahoo.com,2024-12-30,PREMIUM
139,Jesse Rogers,jesse.rogers139@yahoo.com,2024-11-05,REGULAR
140,Trevor Fisher,trevor.fisher140@gmail.com,2026-01-08,REGULAR
141,Paul Williams,paul.williams141@yahoo.com,2025-12-08,REGULAR
142,Barry Bernard,barry.bernard142@gmail.com,2024-10-29,PREMIUM
143,Tiffany Gonzalez,tiffany.gonzalez143@gmail.com,2025-09-12,REGULAR
144,Cynthia Wells,cynthia.wells144@gmail.com,2024-01-09,PREMIUM
145,Claudia Lyons,claudia.lyons145@yahoo.com,2024-06-14,PREMIUM
146,Lawrence Adkins,lawrence.adkins146@gmail.com,2026-03-15,REGULAR
147,Carla Collins,carla.collins147@hotmail.com,2024-07-07,REGULAR
148,Eric Byrd,eric.byrd148@yahoo.com,2026-04-05,VIP
149,Miguel Jones,miguel.jones149@hotmail.com,2025-11-18,REGULAR
150,Dana Terry,dana.terry150@yahoo.com,2026-02-23,REGULAR
151,Lindsay Martinez,lindsay.martinez151@hotmail.com,2025-11-23,PREMIUM
152,Hannah Patterson,hannah.patterson152@yahoo.com,2026-01-07,REGULAR
153,Matthew Smith,matthew.smith153@yahoo.com,2025-03-06,PREMIUM
154,Ashley Yu,ashley.yu154@hotmail.com,2025-01-06,REGULAR
155,Julia Hernandez,julia.hernandez155@gmail.com,2025-03-19,REGULAR
156,Tracie Nelson,tracie.nelson156@hotmail.com,2026-04-19,REGULAR
157,Julie Petersen,julie.petersen157@hotmail.com,2025-08-18,PREMIUM
158,Samuel Rivas,samuel.rivas158@gmail.com,2024-04-09,REGULAR
159,Jerry Christensen,jerry.christensen159@hotmail.com,2025-12-24,REGULAR
160,Jamie Johnson,jamie.johnson160@yahoo.com,2025-10-14,REGULAR
161,Daniel Salinas,daniel.salinas161@yahoo.com,2024-01-31,PREMIUM
162,Kyle Beard,kyle.beard162@hotmail.com,2025-08-13,REGULAR
163,Travis Miller,travis.miller163@hotmail.com,2025-04-08,PREMIUM
164,Justin Allen,justin.allen164@yahoo.com,2025-10-12,REGULAR
165,Katherine Mcguire,katherine.mcguire165@gmail.com,2024-12-08,REGULAR
166,Jared Sanchez,jared.sanchez166@hotmail.com,2026-01-24,REGULAR
167,Kara Schmidt,kara.schmidt167@yahoo.com,2025-09-20,PREMIUM
168,Krista Bell MD,krista.bell.md168@yahoo.com,2024-07-17,VIP
169,Bryan Lee,bryan.lee169@gmail.com,2025-09-04,REGULAR
170,Tiffany Vaughn,tiffany.vaughn170@gmail.com,2024-05-10,REGULAR
171,John Hardy,john.hardy171@hotmail.com,2025-12-18,REGULAR
172,Veronica Wall,veronica.wall172@yahoo.com,2025-05-23,REGULAR
173,Christopher Smith,christopher.smith173@hotmail.com,2025-08-11,REGULAR
174,Angel Brown,angel.brown174@yahoo.com,2025-10-16,REGULAR
175,Beth Oneill,beth.oneill175@yahoo.com,2024-01-31,PREMIUM
176,Adam Mitchell,adam.mitchell176@yahoo.com,2025-06-27,REGULAR
177,Cody Williams,cody.williams177@yahoo.com,2024-03-03,PREMIUM
178,Austin Vasquez,austin.vasquez178@hotmail.com,2024-11-05,PREMIUM
179,Amy Hernandez,amy.hernandez179@hotmail.com,2025-01-05,REGULAR
180,Angela Wright,angela.wright180@hotmail.com,2024-12-04,REGULAR
181,Lisa Gibbs,lisa.gibbs181@gmail.com,2025-07-27,REGULAR
182,Jamie Kerr,jamie.kerr182@yahoo.com,2024-06-26,PREMIUM
183,Wanda Torres,wanda.torres183@hotmail.com,2025-04-28,REGULAR
184,Tyler Garcia,tyler.garcia184@gmail.com,2025-04-29,REGULAR
185,Deborah Miller,deborah.miller185@gmail.com,2025-08-06,REGULAR
186,Benjamin Smith,benjamin.smith186@yahoo.com,2024-04-28,REGULAR
187,Julie Johnson,julie.johnson187@yahoo.com,2025-01-12,REGULAR
188,Michele Gibson,michele.gibson188@hotmail.com,2024-07-07,PREMIUM
189,Dennis Moody,dennis.moody189@hotmail.com,2024-03-04,REGULAR
190,Taylor Coleman,taylor.coleman190@hotmail.com,2025-07-29,REGULAR
191,Chase Baker,chase.baker191@gmail.com,2024-01-20,PREMIUM
192,Christopher Parker,christopher.parker192@hotmail.com,2024-06-12,REGULAR
193,Tammy Gonzales,tammy.gonzales193@yahoo.com,2025-12-15,PREMIUM
194,Melissa Bender,melissa.bender194@hotmail.com,2026-03-21,VIP
195,Jessica George,jessica.george195@yahoo.com,2026-04-16,PREMIUM
196,Lindsey Johnson,lindsey.johnson196@gmail.com,2025-02-20,REGULAR
197,Sara Johnston,sara.johnston197@gmail.com,2024-05-14,REGULAR
198,Miss Debra Williams PhD,miss.debra.williams.phd198@yahoo.com,2025-12-22,REGULAR
199,Jessica Ramirez,jessica.ramirez199@hotmail.com,2025-06-06,REGULAR
200,Robert Costa,robert.costa200@yahoo.com,2024-10-09,REGULAR
201,Gary Santiago,gary.santiago201@gmail.com,2025-02-05,REGULAR
202,Michael Roberts,michael.roberts202@yahoo.com,2025-03-05,REGULAR
203,Krista Gibson,krista.gibson203@yahoo.com,2024-10-23,REGULAR
204,Brian Barton,brian.barton204@hotmail.com,2026-01-28,REGULAR
205,April Booth,april.booth205@yahoo.com,2026-01-09,REGULAR
206,Cody Cox,cody.cox206@yahoo.com,2024-01-27,REGULAR
207,Olivia Harris,olivia.harris207@hotmail.com,2025-01-12,REGULAR
208,Dwayne Gilmore,dwayne.gilmore208@yahoo.com,2026-01-05,REGULAR
209,William Lynch,william.lynch209@gmail.com,2025-05-28,REGULAR
210,Emily Smith,emily.smith210@yahoo.com,2025-04-21,REGULAR
211,Willie Durham,willie.durham211@yahoo.com,2024-10-26,REGULAR
212,Maria Moore,maria.moore212@hotmail.com,2024-10-14,REGULAR
213,Michael Perry,michael.perry213@yahoo.com,2025-03-05,PREMIUM
214,Mrs. Kristen Reyes,mrs..kristen.reyes214@hotmail.com,2026-03-25,REGULAR
215,Sherry Shields,sherry.shields215@yahoo.com,2024-10-28,REGULAR
216,Sarah Morgan,sarah.morgan216@hotmail.com,2025-04-14,REGULAR
217,Aaron Barber,aaron.barber217@hotmail.com,2025-03-02,REGULAR
218,Mary Grimes,mary.grimes218@yahoo.com,2025-03-29,PREMIUM
219,Haley Arnold,haley.arnold219@hotmail.com,2026-02-01,REGULAR
220,Timothy Kane,timothy.kane220hotmail.com,2026-01-13,REGULAR
221,James Chase,james.chase221@yahoo.com,2024-03-20,REGULAR
222,Patrick Thornton,patrick.thornton222@yahoo.com,2024-06-26,PREMIUM
223,Matthew Hoover,matthew.hoover223@gmail.com,2024-04-25,REGULAR
224,Andrew Shaw MD,andrew.shaw.md224@gmail.com,2024-08-23,REGULAR
225,Jessica Fox,jessica.fox225@yahoo.com,2025-04-16,REGULAR
226,Charles Pitts,charles.pitts226@gmail.com,2025-10-08,REGULAR
227,Richard Baker,richard.baker227@hotmail.com,2024-12-16,PREMIUM
228,Marie Christian,marie.christian228@hotmail.com,2025-11-18,REGULAR
229,Jamie Stewart,jamie.stewart229@hotmail.com,2025-10-28,REGULAR
230,Katherine Weaver,katherine.weaver230@hotmail.com,2024-06-03,VIP
231,Mark Mccall,mark.mccall231@gmail.com,2024-11-23,REGULAR
232,Jessica Garcia,jessica.garcia232@hotmail.com,2025-01-07,REGULAR
233,Ashlee Jackson,ashlee.jackson233@yahoo.com,2024-01-05,REGULAR
234,Amber Flynn,amber.flynn234@yahoo.com,2025-12-30,REGULAR
235,Jeffrey Sanchez,jeffrey.sanchez235@yahoo.com,2025-03-15,PREMIUM
236,Rebecca Jackson,rebecca.jackson236@gmail.com,2024-12-28,VIP
237,Janet Vega,janet.vega237@yahoo.com,2024-11-03,REGULAR
238,Briana Murray,briana.murray238@yahoo.com,2024-08-19,VIP
239,Michael Nolan,michael.nolan239@yahoo.com,2024-04-20,REGULAR
240,Megan Moore,megan.moore240@yahoo.com,2025-03-24,REGULAR
241,Victoria Evans,victoria.evans241@yahoo.com,2025-04-17,PREMIUM
242,Joyce Turner,joyce.turner242@yahoo.com,2026-02-16,REGULAR
243,Ashley James,ashley.james243@yahoo.com,2024-03-02,PREMIUM
244,Wendy Phillips,wendy.phillips244@hotmail.com,2025-01-23,REGULAR
245,Adam Grimes,adam.grimes245@hotmail.com,2024-02-02,VIP
246,Susan Mcgee,susan.mcgee246@yahoo.com,2025-02-22,REGULAR
247,Crystal Pham,crystal.pham247@gmail.com,2024-09-29,REGULAR
248,Lisa Byrd,lisa.byrd248@hotmail.com,2025-03-08,REGULAR
249,Melanie Taylor,melanie.taylor249@gmail.com,2026-02-02,VIP
250,Maria Parker,maria.parker250@yahoo.com,2025-09-26,REGULAR
251,Jacob Anderson,jacob.anderson251@yahoo.com,2024-09-06,REGULAR
252,Jason Gonzalez,jason.gonzalez252@hotmail.com,2025-03-23,PREMIUM
253,Holly Shaw,holly.shaw253@yahoo.com,2024-02-27,REGULAR
254,Dawn Summers,dawn.summers254@yahoo.com,2025-05-17,REGULAR
255,Elizabeth Harrell,elizabeth.harrell255@gmail.com,2026-03-10,PREMIUM
256,Bernard Webster,bernard.webster256@,2025-12-18,REGULAR
257,Misty Whitney,misty.whitney257@hotmail.com,2025-07-16,REGULAR
258,Richard Smith,richard.smith258@hotmail.com,2025-11-17,PREMIUM
259,Jacob Curry,jacob.curry259@yahoo.com,2024-07-22,VIP
260,Samantha Bentley,samantha.bentley260@gmail.com,2026-01-22,REGULAR
261,Kaitlyn Harvey,kaitlyn.harvey261@hotmail.com,2025-01-06,PREMIUM
262,Leonard Holland,leonard.holland262@hotmail.com,2024-01-22,REGULAR
263,Susan Turner,susan.turner263@yahoo.com,2024-06-25,REGULAR
264,Andrew Johnson,andrew.johnson264@yahoo.com,2024-08-27,REGULAR
265,David Medina,david.medina265@yahoo.com,2026-03-01,PREMIUM
266,Michael Paul,michael.paul266@hotmail.com,2026-01-19,VIP
267,Patrick Moore,patrick.moore267@yahoo.com,2024-08-12,REGULAR
268,Sandra Gilbert,sandra.gilbert268@yahoo.com,2026-02-28,PREMIUM
269,Jacob Ramos,jacob.ramos269@gmail.com,2024-04-18,REGULAR
270,Ariana Jennings,ariana.jennings270@hotmail.com,2025-10-06,REGULAR
271,Maria Brown,maria.brown271@yahoo.com,2025-02-19,PREMIUM
272,Bryan Charles,bryan.charles272@yahoo.com,2025-04-08,PREMIUM
273,Daniel Fowler,daniel.fowler273@gmail.com,2026-01-30,PREMIUM
274,Gavin Zhang,gavin.zhang274@hotmail.com,2026-01-22,REGULAR
275,Ronald Spencer,ronald.spencer275@hotmail.com,2026-04-24,REGULAR
276,Sergio Murphy,sergio.murphy276@gmail.com,2024-10-20,VIP
277,Linda Ramirez,linda.ramirez277@gmail.com,2025-08-17,REGULAR
278,Ms. Rebecca Rodriguez,ms..rebecca.rodriguez278@gmail.com,2024-03-08,REGULAR
279,Hunter Kramer,hunter.kramer279@hotmail.com,2025-08-15,REGULAR
280,Christopher Williams,christopher.williams280@hotmail.com,2024-08-24,REGULAR
281,Brian Brown,brian.brown281@yahoo.com,2026-02-19,VIP
282,Kayla Rodriguez,kayla.rodriguez282@hotmail.com,2024-06-04,PREMIUM
283,Luis Acosta,luis.acosta283@hotmail.com,2026-03-28,VIP
284,Judith Maynard,judith.maynard284gmail.com,2024-08-27,REGULAR
285,Dr. Jessica Rodriguez DDS,dr..jessica.rodriguez.dds285@yahoo.com,2025-02-15,REGULAR
286,Bobby Franklin,bobby.franklin286@gmail.com,2024-05-04,PREMIUM
287,Marcus Richards,marcus.richards287@hotmail.com,2026-04-08,REGULAR
288,Zachary Schmidt,zachary.schmidt288@yahoo.com,2026-01-28,PREMIUM
289,Jessica Mcguire,jessica.mcguire289@gmail.com,2024-04-16,REGULAR
290,Marilyn Mack,marilyn.mack290@hotmail.com,2025-03-22,VIP
291,Jessica Beasley,jessica.beasley291@yahoo.com,2025-11-05,VIP
292,Jesse Perry,jesse.perry292@gmail.com,2024-06-05,REGULAR
293,Erik Scott,erik.scott293@gmail.com,2024-02-14,REGULAR
294,Kara Davis,kara.davis294@gmail.com,2025-03-31,REGULAR
295,Brent Rodgers,brent.rodgers295@gmail.com,2025-01-14,REGULAR
296,Laurie Hoffman,laurie.hoffman296@yahoo.com,2024-10-06,REGULAR
297,Jennifer Russo,jennifer.russo297@yahoo.com,2025-08-17,REGULAR
298,Michelle Schmitt,michelle.schmitt298@hotmail.com,2024-08-10,REGULAR
299,Brian Romero,brian.romero299@gmail.com,2025-12-14,REGULAR
300,Courtney Rodriguez,courtney.rodriguez300@,2025-03-22,PREMIUM
301,Phillip Andrews,phillip.andrews301@yahoo.com,2025-11-17,VIP
302,Vanessa Cardenas,vanessa.cardenas302@hotmail.com,2025-04-09,REGULAR
303,Kristin Lynch,kristin.lynch303@hotmail.com,2025-01-23,REGULAR
304,Debra White,debra.white304@hotmail.com,2025-08-20,PREMIUM
305,Tammy Bell,tammy.bell305@gmail.com,2025-08-15,REGULAR
306,Kylie Morales,kylie.morales306@gmail.com,2025-04-03,REGULAR
307,Valerie Davis,valerie.davis307@hotmail.com,2025-09-06,REGULAR
308,Jason Peterson,jason.peterson308@yahoo.com,2024-03-17,VIP
309,Frederick Pugh,frederick.pugh309@hotmail.com,2025-03-20,PREMIUM
310,Anthony Moore,anthony.moore310@hotmail.com,2025-07-01,REGULAR
311,Brad Ramos,brad.ramos311@yahoo.com,2025-01-24,PREMIUM
312,Mr. Donald Fischer,mr..donald.fischer312@gmail.com,2024-07-31,REGULAR
313,Brian Gregory,brian.gregory313@hotmail.com,2024-03-02,REGULAR
314,Mr. Andrew Foster,mr..andrew.foster314@hotmail.com,2025-07-20,PREMIUM
315,Dan Dougherty,dan.dougherty315@gmail.com,2025-04-03,REGULAR
316,Donna Wilson,donna.wilson316@yahoo.com,2024-11-07,REGULAR
317,Casey James,casey.james317@hotmail.com,2025-07-22,REGULAR
318,Justin Barnett,justin.barnett318@yahoo.com,2024-09-12,REGULAR
319,Scott Williams,scott.williams319@gmail.com,2026-01-18,VIP
320,Blake Edwards,blake.edwards320@yahoo.com,2025-06-10,PREMIUM
321,Michelle Butler,michelle.butler321@gmail.com,2024-04-26,REGULAR
322,Vincent Jackson,vincent.jackson322@hotmail.com,2025-09-09,VIP
323,Michael Cox,michael.cox323@yahoo.com,2025-07-22,REGULAR
324,Dana Chapman,dana.chapman324@hotmail.com,2025-02-14,REGULAR
325,Seth Reese,seth.reese325@gmail.com,2025-02-11,REGULAR
326,Christopher Dixon,christopher.dixon326@gmail.com,2025-07-31,REGULAR
327,Cheyenne Parsons,cheyenne.parsons327@yahoo.com,2024-02-08,REGULAR
328,Sabrina Briggs,sabrina.briggs328@gmail.com,2025-05-24,VIP
329,David Thompson,david.thompson329@gmail.com,2024-04-08,REGULAR
330,Mary Thompson,mary.thompson330@hotmail.com,2025-04-14,REGULAR
331,Paul Wolf MD,paul.wolf.md331@hotmail.com,2024-03-11,VIP
332,Victoria Morris,victoria.morris332@hotmail.com,2026-02-04,REGULAR
333,Jeremiah Harrison,jeremiah.harrison333@hotmail.com,2026-04-15,REGULAR
334,Donald Brown,donald.brown334@hotmail.com,2026-04-19,REGULAR
335,Joel Johnson,joel.johnson335@yahoo.com,2024-08-28,PREMIUM
336,Angela Lin,angela.lin336@gmail.com,2026-01-30,REGULAR
337,Katie Ford,katie.ford337@hotmail.com,2025-03-10,REGULAR
338,Nancy Williams,nancy.williams338@hotmail.com,2025-11-19,REGULAR
339,Erica Alvarez,erica.alvarez339@gmail.com,2025-07-17,REGULAR
340,Joanna Shepherd,joanna.shepherd340@yahoo.com,2026-04-25,VIP
341,Mrs. Maria Williams,mrs..maria.williams341@hotmail.com,2024-04-04,REGULAR
342,Jeffrey Mills,jeffrey.mills342@gmail.com,2024-07-08,VIP
343,Thomas Hughes,thomas.hughes343@yahoo.com,2024-05-22,PREMIUM
344,Amy Mccoy,amy.mccoy344@yahoo.com,2024-02-03,REGULAR
345,Brandon Gregory,brandon.gregory345@yahoo.com,2024-07-14,PREMIUM
346,Samuel Brandt,samuel.brandt346@hotmail.com,2024-11-17,REGULAR
347,Felicia Aguilar,felicia.aguilar347@gmail.com,2024-12-27,REGULAR
348,Emily Douglas,emily.douglas348@hotmail.com,2024-01-05,REGULAR
349,Kurt Hurley,kurt.hurley349@yahoo.com,2024-07-20,REGULAR
350,Maria Murphy,maria.murphy350@gmail.com,2024-06-19,PREMIUM
351,Sandra Rodgers,sandra.rodgers351@hotmail.com,2024-01-24,REGULAR
352,Anna Santiago,anna.santiago352@hotmail.com,2025-05-17,REGULAR
353,Jack White,jack.white353@gmail.com,2024-07-15,PREMIUM
354,Ralph Lee,ralph.lee354@gmail.com,2024-04-08,REGULAR
355,Edward French,edward.french355@hotmail.com,2026-03-08,REGULAR
356,Sandy Stephenson,sandy.stephenson356@gmail.com,2024-12-10,VIP
357,Sherri Williamson,sherri.williamson357@hotmail.com,2026-03-21,REGULAR
358,Christopher Guerra,christopher.guerra358@hotmail.com,2024-02-18,REGULAR
359,Carol Kim,carol.kim359@yahoo.com,2025-09-15,REGULAR
360,Nathan Montes,nathan.montes360@hotmail.com,2025-11-20,REGULAR
361,Paul Cole,paul.cole361@hotmail.com,2024-08-18,REGULAR
362,Vincent Mueller,vincent.mueller362@gmail.com,2025-05-20,REGULAR
363,Travis Joyce,travis.joyce363@yahoo.com,2025-04-03,REGULAR
364,Paula Shaw,paula.shaw364@yahoo.com,2024-06-03,PREMIUM
365,Ruth Solis,ruth.solis365@gmail.com,2024-11-30,REGULAR
366,Amy Castillo,amy.castillo366@yahoo.com,2025-10-04,REGULAR
367,Ashley Singleton,ashley.singleton367@gmail.com,2025-10-08,PREMIUM
368,Phillip Nelson,phillip.nelson368@hotmail.com,2025-04-30,PREMIUM
369,Jeffrey Potts,jeffrey.potts369@gmail.com,2024-08-25,PREMIUM
370,Stacey Arias,stacey.arias370@yahoo.com,2024-05-21,PREMIUM
371,Jonathan Young,jonathan.young371@gmail.com,2024-05-30,PREMIUM
372,Alfred Galvan,alfred.galvan372@hotmail.com,2024-07-21,REGULAR
373,Raven Taylor,raven.taylor373@yahoo.com,2025-05-27,PREMIUM
374,Kaitlyn Guerra,kaitlyn.guerra374@hotmail.com,2025-10-19,PREMIUM
375,Luis Bullock,luis.bullock375@gmail.com,2025-03-22,REGULAR
376,Ruben Dunn,ruben.dunn376@hotmail.com,2026-02-27,REGULAR
377,Jenny Parsons,jenny.parsons377@gmail.com,2024-12-14,PREMIUM
378,Anthony Barnes,anthony.barnes378@hotmail.com,2025-07-24,REGULAR
379,Brian Stein,brian.stein379@hotmail.com,2024-12-17,PREMIUM
380,Lynn Andrews,lynn.andrews380@hotmail.com,2024-02-10,REGULAR
381,Jeffrey Mendez,jeffrey.mendez381@gmail.com,2025-02-19,REGULAR
382,Chelsea Barnett,chelsea.barnett382@hotmail.com,2025-04-24,VIP
383,Andrea Fox,andrea.fox383@hotmail.com,2024-10-08,PREMIUM
384,Katie Smith,katie.smith384@yahoo.com,2025-09-14,REGULAR
385,James Brooks,james.brooks385@hotmail.com,2024-02-17,REGULAR
386,Richard Cooper,richard.cooper386@hotmail.com,2025-08-07,REGULAR
387,Ashley Perkins,ashley.perkins387@yahoo.com,2025-07-28,REGULAR
388,Harold Morgan,harold.morgan388@hotmail.com,2024-05-11,PREMIUM
389,Richard Marshall,richard.marshall389@hotmail.com,2024-03-18,PREMIUM
390,Clarence Taylor,clarence.taylor390@hotmail.com,2025-10-20,REGULAR
391,Judith Carter,judith.carter391@gmail.com,2025-02-28,REGULAR
392,Stacey Stewart,stacey.stewart392@yahoo.com,2025-06-20,REGULAR
393,Virginia Daniels,virginia.daniels393@yahoo.com,2026-01-25,REGULAR
394,Matthew Mitchell,matthew.mitchell394@gmail.com,2024-12-08,REGULAR
395,Evelyn Martinez,evelyn.martinez395@yahoo.com,2024-01-12,REGULAR
396,James Gonzales,james.gonzales396@yahoo.com,2024-08-01,PREMIUM
397,Cody Holt,cody.holt397@yahoo.com,2024-07-05,REGULAR
398,Kelly Owen,kelly.owen398@hotmail.com,2024-09-29,REGULAR
399,Jeffrey Carney,jeffrey.carney399@gmail.com,2024-12-23,REGULAR
400,Erica Miller,erica.miller400@hotmail.com,2025-07-04,REGULAR
401,Jeremy Robbins,jeremy.robbins401@gmail.com,2024-03-06,REGULAR
402,Heather Williams,heather.williams402@yahoo.com,2024-04-30,PREMIUM
403,Jessica Fowler,jessica.fowler403@gmail.com,2025-09-20,PREMIUM
404,Mark Cox,mark.cox404@hotmail.com,2024-06-27,REGULAR
405,Tiffany Thomas,tiffany.thomas405@hotmail.com,2024-09-23,PREMIUM
406,Jessica Martinez,jessica.martinez406@gmail.com,2025-07-16,REGULAR
407,Holly Reyes,holly.reyes407@hotmail.com,2025-01-12,REGULAR
408,Christian Cole,christian.cole408@yahoo.com,2024-05-02,REGULAR
409,Phillip Berry,phillip.berry409@hotmail.com,2025-06-11,REGULAR
410,Ernest Ramirez,ernest.ramirez410@gmail.com,2024-04-28,REGULAR
411,Cody Holmes,cody.holmes411@hotmail.com,2026-03-03,REGULAR
412,Reginald Padilla,reginald.padilla412@gmail.com,2025-06-29,PREMIUM
413,Donna Hendricks DDS,donna.hendricks.dds413@gmail.com,2024-08-17,REGULAR
414,Benjamin Thompson,benjamin.thompson414@hotmail.com,2024-11-02,REGULAR
415,Brandon Fleming,brandon.fleming415@yahoo.com,2024-04-27,REGULAR
416,Michelle Pierce,michelle.pierce416@yahoo.com,2026-02-06,REGULAR
417,Sarah Joseph,sarah.joseph417@hotmail.com,2025-11-28,PREMIUM
418,Rebecca Hicks,rebecca.hicks418@gmail.com,2025-05-17,PREMIUM
419,Dr. Cynthia Snyder,dr..cynthia.snyder419@yahoo.com,2024-08-22,REGULAR
420,Jackie Lara,jackie.lara420@hotmail.com,2025-04-15,PREMIUM
421,Stephen Jones,stephen.jones421@yahoo.com,2025-06-30,REGULAR
422,Dr. Kelly Hammond DVM,dr..kelly.hammond.dvm422@gmail.com,2025-12-03,REGULAR
423,Evan Jones,evan.jones423@yahoo.com,2025-03-21,REGULAR
424,Haley Humphrey,haley.humphrey424@hotmail.com,2024-05-20,REGULAR
425,Catherine Burch,catherine.burch425@yahoo.com,2025-12-19,REGULAR
426,Sheena Guerra,sheena.guerra426@hotmail.com,2024-03-04,REGULAR
427,Christopher Morris,christopher.morris427@hotmail.com,2024-10-19,REGULAR
428,Travis Stone,travis.stone428@yahoo.com,2024-08-22,VIP
429,Danielle Reid,danielle.reid429@hotmail.com,2025-06-17,VIP
430,Mario Mendez,mario.mendez430@gmail.com,2024-09-25,REGULAR
431,Caroline David,caroline.david431@gmail.com,2025-11-13,REGULAR
432,Marcus Winters,marcus.winters432@yahoo.com,2025-07-19,REGULAR
433,Kristy Bryan,kristy.bryan433@gmail.com,2025-09-27,PREMIUM
434,Travis Wise,travis.wise434@yahoo.com,2024-03-22,PREMIUM
435,Pamela Butler,pamela.butler435@hotmail.com,2024-04-12,REGULAR
436,Stephen Gardner,stephen.gardner436@hotmail.com,2025-08-23,REGULAR
437,Karen Ballard,karen.ballard437@hotmail.com,2024-08-21,REGULAR
438,Jesse Barker,jesse.barker438@gmail.com,2024-08-07,VIP
439,John Harris,john.harris439@hotmail.com,2025-08-31,REGULAR
440,Scott Flores,scott.flores440@yahoo.com,2024-05-11,REGULAR
441,Bianca Wood,bianca.wood441@hotmail.com,2025-05-25,PREMIUM
442,David Martinez,david.martinez442@yahoo.com,2026-03-28,REGULAR
443,Brent Roberts,brent.roberts443@yahoo.com,2026-02-28,REGULAR
444,Jennifer Estes,jennifer.estes444@gmail.com,2024-10-07,VIP
445,Taylor Griffith,taylor.griffith445@gmail.com,2026-01-25,REGULAR
446,Kathleen Robertson,kathleen.robertson446@yahoo.com,2024-08-28,REGULAR
447,Kathleen Davis,kathleen.davis447@yahoo.com,2024-06-06,REGULAR
448,Tracy Lewis,tracy.lewis448@yahoo.com,2026-03-28,REGULAR
449,Douglas Harper,douglas.harper449@hotmail.com,2024-07-22,REGULAR
450,Donna Smith,donna.smith450@gmail.com,2024-10-07,PREMIUM
451,Stephen Luna,stephen.luna451@yahoo.com,2024-09-14,PREMIUM
452,James Hudson,james.hudson452@gmail.com,2025-07-19,PREMIUM
453,Dylan Hughes,dylan.hughes453@yahoo.com,2025-11-21,REGULAR
454,Diana Hays,diana.hays454@hotmail.com,2025-11-28,REGULAR
455,Betty Davis,betty.davis455@yahoo.com,2025-12-29,VIP
456,Gina Mcmillan,gina.mcmillan456@gmail.com,2025-11-15,REGULAR
457,Jordan Porter,jordan.porter457@gmail.com,2025-08-16,REGULAR
458,Micheal Brock,micheal.brock458@hotmail.com,2024-09-08,PREMIUM
459,Larry Robertson,larry.robertson459@yahoo.com,2024-08-02,PREMIUM
460,Emily Long,emily.long460@hotmail.com,2026-01-16,PREMIUM
461,Elizabeth Rogers,elizabeth.rogers461@hotmail.com,2024-06-08,PREMIUM
462,Michelle Evans,michelle.evans462@gmail.com,2024-07-12,REGULAR
463,Michael Whitney,michael.whitney463@hotmail.com,2025-02-27,REGULAR
464,Steven Wiggins,steven.wiggins464@hotmail.com,2025-11-10,REGULAR
465,John Coffey,john.coffey465@hotmail.com,2025-12-01,PREMIUM
466,Mikayla Silva,mikayla.silva466@gmail.com,2025-10-06,REGULAR
467,Michelle Hampton,michelle.hampton467@yahoo.com,2025-01-01,REGULAR
468,Michael Johnson,michael.johnson468@hotmail.com,2024-12-14,REGULAR
469,Albert Edwards,albert.edwards469@gmail.com,2025-06-04,PREMIUM
470,Damon Shaw,damon.shaw470@hotmail.com,2025-03-21,VIP
471,Shelley Fitzgerald,shelley.fitzgerald471@gmail.com,2024-08-03,PREMIUM
472,Kelly Hoffman,kelly.hoffman472@hotmail.com,2024-01-09,VIP
473,James Frye,james.frye473yahoo.com,2024-08-20,REGULAR
474,Gloria Gomez,gloria.gomez474@hotmail.com,2026-03-30,REGULAR
475,Regina Baker,regina.baker475@yahoo.com,2025-01-04,REGULAR
476,David Grant,david.grant476@gmail.com,2025-10-14,REGULAR
477,Vickie Wise,vickie.wise477@hotmail.com,2024-04-07,REGULAR
478,Michael Stewart,michael.stewart478@yahoo.com,2026-04-12,REGULAR
479,Taylor Griffith,taylor.griffith479@yahoo.com,2025-01-10,PREMIUM
480,Michael James,michael.james480@yahoo.com,2024-01-03,REGULAR
481,Tina Ballard,tina.ballard481@yahoo.com,2025-10-09,REGULAR
482,Tyler Miller,tyler.miller482@yahoo.com,2026-03-24,VIP
483,Nicole Lewis,nicole.lewis483@hotmail.com,2026-03-28,REGULAR
484,Justin Nelson,justin.nelson484@gmail.com,2026-02-27,REGULAR
485,Laurie Sanchez,laurie.sanchez485@hotmail.com,2025-12-31,REGULAR
486,Courtney Hall,courtney.hall486@gmail.com,2025-08-02,REGULAR
487,Mitchell Garcia,mitchell.garcia487@,2025-06-19,REGULAR
488,Joshua Hickman,joshua.hickman488@yahoo.com,2024-06-10,PREMIUM
489,Shirley Alvarez,shirley.alvarez489@hotmail.com,2025-05-31,REGULAR
490,Victor Morris,victor.morris490@hotmail.com,2025-06-09,PREMIUM
491,Randy Pearson,randy.pearson491@gmail.com,2025-12-22,VIP
492,Miranda Zuniga,miranda.zuniga492@gmail.com,2024-10-10,PREMIUM
493,Ryan Peck,ryan.peck493@gmail.com,2025-12-11,REGULAR
494,Jennifer Simpson DVM,jennifer.simpson.dvm494@yahoo.com,2024-11-05,PREMIUM
495,Alexandra Bradley,alexandra.bradley495@gmail.com,2025-04-26,REGULAR
496,Frances Gibson,frances.gibson496@hotmail.com,2026-04-23,REGULAR
497,Kathleen Mays,kathleen.mays497@hotmail.com,2024-10-23,REGULAR
498,Corey Rodriguez,corey.rodriguez498@gmail.com,2024-03-15,PREMIUM
499,Mariah Higgins,mariah.higgins499@gmail.com,2024-07-12,PREMIUM
500,Rachel Bradley,rachel.bradley500@gmail.com,2025-09-13,PREMIUM
501,Scott Prince,scott.prince501@yahoo.com,2025-08-23,REGULAR
502,Angie Caldwell,angie.caldwell502@gmail.com,2026-02-11,REGULAR
503,Mrs. Taylor Smith,mrs..taylor.smith503@yahoo.com,2025-02-18,PREMIUM
504,Paul Finley,paul.finley504@yahoo.com,2024-05-02,REGULAR
505,Laura Green,laura.green505@yahoo.com,2024-10-07,REGULAR
506,Amy Wilson,amy.wilson506@yahoo.com,2024-05-04,REGULAR
507,Michael Leblanc,michael.leblanc507@hotmail.com,2025-11-23,REGULAR
508,Melissa Fowler,melissa.fowler508@yahoo.com,2025-11-20,REGULAR
509,Daniel Bernard,daniel.bernard509@yahoo.com,2025-07-01,REGULAR
510,Paul Obrien,paul.obrien510@yahoo.com,2024-03-30,REGULAR
511,Susan Todd,susan.todd511@hotmail.com,2025-07-18,REGULAR
512,Pamela Becker,pamela.becker512@hotmail.com,2024-09-05,VIP
513,Angela Griffin,angela.griffin513@hotmail.com,2025-11-11,REGULAR
514,Thomas Rodriguez,thomas.rodriguez514@hotmail.com,2025-07-23,REGULAR
515,Christina Herrera,christina.herrera515@gmail.com,2024-02-20,REGULAR
516,Joseph Wilson,joseph.wilson516@gmail.com,2025-07-30,REGULAR
517,Katherine Nolan,katherine.nolan517@yahoo.com,2024-08-01,REGULAR
518,Jody Palmer,jody.palmer518@yahoo.com,2025-03-08,REGULAR
519,Kristin Chambers,kristin.chambers519@yahoo.com,2024-10-16,REGULAR
520,Jennifer Velasquez,jennifer.velasquez520@hotmail.com,2024-07-01,REGULAR
521,Benjamin Henderson,benjamin.henderson521@hotmail.com,2025-11-24,REGULAR
522,Zachary Michael,zachary.michael522@gmail.com,2026-02-02,REGULAR
523,Mrs. Donna White,mrs..donna.white523@gmail.com,2024-04-25,REGULAR
524,Veronica Brewer,veronica.brewer524@yahoo.com,2025-11-22,VIP
525,Steven West,steven.west525@yahoo.com,2025-05-11,PREMIUM
526,Michael Stanley,michael.stanley526@hotmail.com,2026-04-22,REGULAR
527,Scott Wilson,scott.wilson527@hotmail.com,2024-09-01,PREMIUM
528,Cameron Irwin,cameron.irwin528@gmail.com,2024-09-27,PREMIUM
529,Veronica Ford,veronica.ford529@hotmail.com,2024-07-07,VIP
530,Kim Morrow,kim.morrow530@gmail.com,2025-01-02,PREMIUM
531,Christopher Lopez,christopher.lopez531@hotmail.com,2025-07-27,REGULAR
532,Amanda Keller,amanda.keller532@hotmail.com,2024-07-20,REGULAR
533,Stacey Smith,stacey.smith533@gmail.com,2025-04-25,REGULAR
534,Kirk Griffin,kirk.griffin534@hotmail.com,2026-01-13,REGULAR
535,Amber Yang,amber.yang535@yahoo.com,2024-04-24,REGULAR
536,Joshua Webster,joshua.webster536@gmail.com,2024-04-25,REGULAR
537,Wyatt Young,wyatt.young537@hotmail.com,2025-06-19,REGULAR
538,Laura Barton,laura.barton538@yahoo.com,2024-10-09,PREMIUM
539,Shawn Odom,shawn.odom539@hotmail.com,2026-02-20,VIP
540,Eric Brown,eric.brown540@hotmail.com,2024-07-11,REGULAR
541,Susan Garrett,susan.garrett541@yahoo.com,2024-09-08,REGULAR
542,Amber Cooper,amber.cooper542@hotmail.com,2025-06-21,VIP
543,Rachel Flores,rachel.flores543@yahoo.com,2025-03-17,PREMIUM
544,Elijah White,elijah.white544@hotmail.com,2025-03-02,REGULAR
545,Samuel Turner,samuel.turner545@hotmail.com,2026-04-08,REGULAR
546,Joel Brown,joel.brown546@yahoo.com,2024-08-27,REGULAR
547,Kristin Anderson,kristin.anderson547@gmail.com,2025-06-08,PREMIUM
548,Gary Miller,gary.miller548@yahoo.com,2024-02-14,REGULAR
549,Anna Hardy,anna.hardy549@gmail.com,2025-02-15,PREMIUM
550,James Jacobs,james.jacobs550@gmail.com,2025-10-09,REGULAR
